state,scenariodesc,CumulativeConfirmedDeaths,CumulativeReportedCases
AK,"1X Contact Tracing, 1X Testing, Current Reopening",0,0
AL,"1X Contact Tracing, 1X Testing, Current Reopening",0,0
AR,"1X Contact Tracing, 1X Testing, Current Reopening",0,0
AZ,"1X Contact Tracing, 1X Testing, Current Reopening",0,0
CA,"1X Contact Tracing, 1X Testing, Current Reopening",0,0
CO,"1X Contact Tracing, 1X Testing, Current Reopening",0,0
CT,"1X Contact Tracing, 1X Testing, Current Reopening",0,0
DC,"1X Contact Tracing, 1X Testing, Current Reopening",0,0
DE,"1X Contact Tracing, 1X Testing, Current Reopening",0,0
FL,"1X Contact Tracing, 1X Testing, Current Reopening",0,0
GA,"1X Contact Tracing, 1X Testing, Current Reopening",0,0
HI,"1X Contact Tracing, 1X Testing, Current Reopening",0,0
IA,"1X Contact Tracing, 1X Testing, Current Reopening",0,0
ID,"1X Contact Tracing, 1X Testing, Current Reopening",0,0
IL,"1X Contact Tracing, 1X Testing, Current Reopening",0,0
IN,"1X Contact Tracing, 1X Testing, Current Reopening",0,0
KS,"1X Contact Tracing, 1X Testing, Current Reopening",0,0
KY,"1X Contact Tracing, 1X Testing, Current Reopening",0,0
LA,"1X Contact Tracing, 1X Testing, Current Reopening",0,0
MA,"1X Contact Tracing, 1X Testing, Current Reopening",0,0
MD,"1X Contact Tracing, 1X Testing, Current Reopening",0,0
ME,"1X Contact Tracing, 1X Testing, Current Reopening",0,0
MI,"1X Contact Tracing, 1X Testing, Current Reopening",0,0
MN,"1X Contact Tracing, 1X Testing, Current Reopening",0,0
MO,"1X Contact Tracing, 1X Testing, Current Reopening",0,0
MS,"1X Contact Tracing, 1X Testing, Current Reopening",0,0
MT,"1X Contact Tracing, 1X Testing, Current Reopening",0,0
NC,"1X Contact Tracing, 1X Testing, Current Reopening",0,0
ND,"1X Contact Tracing, 1X Testing, Current Reopening",0,0
NE,"1X Contact Tracing, 1X Testing, Current Reopening",0,0
NH,"1X Contact Tracing, 1X Testing, Current Reopening",0,0
NJ,"1X Contact Tracing, 1X Testing, Current Reopening",0,0
NM,"1X Contact Tracing, 1X Testing, Current Reopening",0,0
NV,"1X Contact Tracing, 1X Testing, Current Reopening",0,0
NY,"1X Contact Tracing, 1X Testing, Current Reopening",0,0
OH,"1X Contact Tracing, 1X Testing, Current Reopening",0,0
OK,"1X Contact Tracing, 1X Testing, Current Reopening",0,0
OR,"1X Contact Tracing, 1X Testing, Current Reopening",0,0
PA,"1X Contact Tracing, 1X Testing, Current Reopening",0,0
RI,"1X Contact Tracing, 1X Testing, Current Reopening",0,0
SC,"1X Contact Tracing, 1X Testing, Current Reopening",0,0
SD,"1X Contact Tracing, 1X Testing, Current Reopening",0,0
TN,"1X Contact Tracing, 1X Testing, Current Reopening",0,0
TX,"1X Contact Tracing, 1X Testing, Current Reopening",0,0
UT,"1X Contact Tracing, 1X Testing, Current Reopening",0,0
VA,"1X Contact Tracing, 1X Testing, Current Reopening",0,0
VT,"1X Contact Tracing, 1X Testing, Current Reopening",0,0
WA,"1X Contact Tracing, 1X Testing, Current Reopening",0,0
WI,"1X Contact Tracing, 1X Testing, Current Reopening",0,0
WV,"1X Contact Tracing, 1X Testing, Current Reopening",0,0
WY,"1X Contact Tracing, 1X Testing, Current Reopening",0,0
AK,"1X Contact Tracing, 2X Testing, Current Reopening",5.98239766676463,5.78530914783617
AL,"1X Contact Tracing, 2X Testing, Current Reopening",4.47067326753514,3.60978839027026
AR,"1X Contact Tracing, 2X Testing, Current Reopening",5.00610538102595,3.82130695486584
AZ,"1X Contact Tracing, 2X Testing, Current Reopening",8.22607143319147,9.10832787525784
CA,"1X Contact Tracing, 2X Testing, Current Reopening",5.78392660047784,5.71611856699985
CO,"1X Contact Tracing, 2X Testing, Current Reopening",3.44820903071403,0.196978749757881
CT,"1X Contact Tracing, 2X Testing, Current Reopening",-0.0432391428029644,-0.0144250603688945
DC,"1X Contact Tracing, 2X Testing, Current Reopening",2.86540821276717,1.46139772733631
DE,"1X Contact Tracing, 2X Testing, Current Reopening",-0.83330360938404,-2.75829156852996
FL,"1X Contact Tracing, 2X Testing, Current Reopening",12.2622294420682,11.8394025951364
GA,"1X Contact Tracing, 2X Testing, Current Reopening",9.5855587196441,7.57408322074389
HI,"1X Contact Tracing, 2X Testing, Current Reopening",9.34131605685506,4.92268344803217
IA,"1X Contact Tracing, 2X Testing, Current Reopening",-0.706752846830672,-2.21817558027526
ID,"1X Contact Tracing, 2X Testing, Current Reopening",10.3630543753001,10.1547347343344
IL,"1X Contact Tracing, 2X Testing, Current Reopening",1.799178176884,-0.537926299592928
IN,"1X Contact Tracing, 2X Testing, Current Reopening",4.32755208158611,4.42455926946783
KS,"1X Contact Tracing, 2X Testing, Current Reopening",1.60371028846003,-1.04297367597653
KY,"1X Contact Tracing, 2X Testing, Current Reopening",1.99027961875906,-1.44741074300419
LA,"1X Contact Tracing, 2X Testing, Current Reopening",6.14165683803927,4.72758228819901
MA,"1X Contact Tracing, 2X Testing, Current Reopening",0.277093596059119,-1.92072309575371
MD,"1X Contact Tracing, 2X Testing, Current Reopening",7.39107524197797,7.07814964176026
ME,"1X Contact Tracing, 2X Testing, Current Reopening",0.11693972288831,-0.409799153381973
MI,"1X Contact Tracing, 2X Testing, Current Reopening",3.58349248638987,4.0055698587244
MN,"1X Contact Tracing, 2X Testing, Current Reopening",-0.996827105446762,-4.54998363229288
MO,"1X Contact Tracing, 2X Testing, Current Reopening",9.15805608077391,4.89857591656435
MS,"1X Contact Tracing, 2X Testing, Current Reopening",6.51411253471383,4.10861234402666
MT,"1X Contact Tracing, 2X Testing, Current Reopening",13.4912022790104,9.26253878147332
NC,"1X Contact Tracing, 2X Testing, Current Reopening",3.10745413750919,2.41501859289881
ND,"1X Contact Tracing, 2X Testing, Current Reopening",8.996741854455,5.84296026620019
NE,"1X Contact Tracing, 2X Testing, Current Reopening",0.00755088096680012,-1.36161298769312
NH,"1X Contact Tracing, 2X Testing, Current Reopening",0.72741510604919,0.491348042919748
NJ,"1X Contact Tracing, 2X Testing, Current Reopening",0.22701674662593,-0.456706977312216
NM,"1X Contact Tracing, 2X Testing, Current Reopening",4.20124311552343,1.03014975013611
NV,"1X Contact Tracing, 2X Testing, Current Reopening",8.79040223625085,12.019689413073
NY,"1X Contact Tracing, 2X Testing, Current Reopening",-0.027370529346038,-0.125417894012925
OH,"1X Contact Tracing, 2X Testing, Current Reopening",6.76332459589339,3.89696674411206
OK,"1X Contact Tracing, 2X Testing, Current Reopening",6.51308127590966,6.65913249010279
OR,"1X Contact Tracing, 2X Testing, Current Reopening",9.43200079639348,7.62944858083385
PA,"1X Contact Tracing, 2X Testing, Current Reopening",1.39576711244462,-2.18361886300246
RI,"1X Contact Tracing, 2X Testing, Current Reopening",0.349235858393882,-0.712541826068946
SC,"1X Contact Tracing, 2X Testing, Current Reopening",9.12099600690508,8.72468445852386
SD,"1X Contact Tracing, 2X Testing, Current Reopening",0.821882367110427,0.291903870400789
TN,"1X Contact Tracing, 2X Testing, Current Reopening",6.9334078182316,4.81327810113399
TX,"1X Contact Tracing, 2X Testing, Current Reopening",8.10208034759192,7.88586192571008
UT,"1X Contact Tracing, 2X Testing, Current Reopening",5.68850482794838,4.77934721111262
VA,"1X Contact Tracing, 2X Testing, Current Reopening",0.906365063373782,-1.31219386439805
VT,"1X Contact Tracing, 2X Testing, Current Reopening",0.908058260910471,0.246721553273077
WA,"1X Contact Tracing, 2X Testing, Current Reopening",1.99426725786358,-2.4651410284755
WI,"1X Contact Tracing, 2X Testing, Current Reopening",3.49492682795172,2.07428165246051
WV,"1X Contact Tracing, 2X Testing, Current Reopening",4.97601686232971,1.58497185619193
WY,"1X Contact Tracing, 2X Testing, Current Reopening",5.64397213606549,1.7834926151173
AK,"2X Contact Tracing, 1X Testing, Current Reopening",-17.7028941199739,-21.5121064416816
AL,"2X Contact Tracing, 1X Testing, Current Reopening",-9.02169374730277,-11.4275748364377
AR,"2X Contact Tracing, 1X Testing, Current Reopening",-6.82103608264834,-10.9722051379467
AZ,"2X Contact Tracing, 1X Testing, Current Reopening",-0.349598333829215,-1.00424414942311
CA,"2X Contact Tracing, 1X Testing, Current Reopening",-2.45191915094265,-8.06691365769981
CO,"2X Contact Tracing, 1X Testing, Current Reopening",-5.55618422541587,-12.5703544253377
CT,"2X Contact Tracing, 1X Testing, Current Reopening",-0.316328465769011,-0.519879175694371
DC,"2X Contact Tracing, 1X Testing, Current Reopening",-2.09849327968495,-6.4435032515913
DE,"2X Contact Tracing, 1X Testing, Current Reopening",-9.36877441627524,-16.920279730431
FL,"2X Contact Tracing, 1X Testing, Current Reopening",-1.61030715807985,-6.34196340259187
GA,"2X Contact Tracing, 1X Testing, Current Reopening",-6.16559318512362,-10.5956446619145
HI,"2X Contact Tracing, 1X Testing, Current Reopening",-11.5178464126908,-16.9921421480372
IA,"2X Contact Tracing, 1X Testing, Current Reopening",-13.0933088131532,-19.6310518190096
ID,"2X Contact Tracing, 1X Testing, Current Reopening",-8.85782198814338,-15.0795668455766
IL,"2X Contact Tracing, 1X Testing, Current Reopening",-13.1456495858882,-25.3227070876264
IN,"2X Contact Tracing, 1X Testing, Current Reopening",-3.91492502264416,-8.04530024026123
KS,"2X Contact Tracing, 1X Testing, Current Reopening",-5.15021653138633,-10.2792957083214
KY,"2X Contact Tracing, 1X Testing, Current Reopening",-7.97172252729913,-14.702184274394
LA,"2X Contact Tracing, 1X Testing, Current Reopening",-3.30048530861891,-9.55135489886497
MA,"2X Contact Tracing, 1X Testing, Current Reopening",-3.40131084578775,-7.42067601920723
MD,"2X Contact Tracing, 1X Testing, Current Reopening",-3.14224699780903,-6.70305611704155
ME,"2X Contact Tracing, 1X Testing, Current Reopening",-1.81315630942961,-4.47551712750307
MI,"2X Contact Tracing, 1X Testing, Current Reopening",-4.24038115174706,-14.2506101340899
MN,"2X Contact Tracing, 1X Testing, Current Reopening",-19.5931475790766,-31.034367406041
MO,"2X Contact Tracing, 1X Testing, Current Reopening",-6.77026492363116,-13.1307110848868
MS,"2X Contact Tracing, 1X Testing, Current Reopening",-5.95928090046639,-10.3201488406352
MT,"2X Contact Tracing, 1X Testing, Current Reopening",-18.107509521942,-26.2096719848836
NC,"2X Contact Tracing, 1X Testing, Current Reopening",-6.43230059061862,-11.789485652006
ND,"2X Contact Tracing, 1X Testing, Current Reopening",-9.50839459714411,-15.4285602951471
NE,"2X Contact Tracing, 1X Testing, Current Reopening",-5.02520336732458,-7.47973717702797
NH,"2X Contact Tracing, 1X Testing, Current Reopening",0.160212444631491,-0.981184826960846
NJ,"2X Contact Tracing, 1X Testing, Current Reopening",-0.76951856860582,-1.69375952533006
NM,"2X Contact Tracing, 1X Testing, Current Reopening",-7.31000178211412,-14.5164918565611
NV,"2X Contact Tracing, 1X Testing, Current Reopening",-0.0398215059556617,-4.22071334326549
NY,"2X Contact Tracing, 1X Testing, Current Reopening",-1.61035314422981,-5.57324524266671
OH,"2X Contact Tracing, 1X Testing, Current Reopening",-7.46049949031601,-16.764043857989
OK,"2X Contact Tracing, 1X Testing, Current Reopening",-5.79200303761026,-13.02332953179
OR,"2X Contact Tracing, 1X Testing, Current Reopening",-5.38333546653015,-13.626255633574
PA,"2X Contact Tracing, 1X Testing, Current Reopening",-9.86361432401857,-17.7220867467147
RI,"2X Contact Tracing, 1X Testing, Current Reopening",-0.690568750164644,-3.10521095597771
SC,"2X Contact Tracing, 1X Testing, Current Reopening",-6.81441699070603,-10.3011466084895
SD,"2X Contact Tracing, 1X Testing, Current Reopening",-2.52631250264853,-4.89321056050128
TN,"2X Contact Tracing, 1X Testing, Current Reopening",-7.77333551106977,-12.2092171249649
TX,"2X Contact Tracing, 1X Testing, Current Reopening",-1.97420319424424,-7.41237330480261
UT,"2X Contact Tracing, 1X Testing, Current Reopening",-6.22304899902981,-11.5953268171502
VA,"2X Contact Tracing, 1X Testing, Current Reopening",-11.6840514099629,-16.6842828907794
VT,"2X Contact Tracing, 1X Testing, Current Reopening",-1.83964134723315,-5.28743484391474
WA,"2X Contact Tracing, 1X Testing, Current Reopening",-7.81614331098043,-17.0950419881511
WI,"2X Contact Tracing, 1X Testing, Current Reopening",-5.22229226791902,-11.4695935219156
WV,"2X Contact Tracing, 1X Testing, Current Reopening",-12.3337843668144,-21.8685952902681
WY,"2X Contact Tracing, 1X Testing, Current Reopening",-7.79157177532227,-14.0559513466551
AK,"2X Contact Tracing, 2X Testing, Current Reopening",-13.8594348255436,-19.5317856646705
AL,"2X Contact Tracing, 2X Testing, Current Reopening",-6.76214769150882,-9.49059477396662
AR,"2X Contact Tracing, 2X Testing, Current Reopening",-3.24603610823668,-8.89993008854931
AZ,"2X Contact Tracing, 2X Testing, Current Reopening",5.55735223729998,4.49536700183217
CA,"2X Contact Tracing, 2X Testing, Current Reopening",0.482850000395141,-6.29417366804292
CO,"2X Contact Tracing, 2X Testing, Current Reopening",-3.99488089068002,-12.69530770427
CT,"2X Contact Tracing, 2X Testing, Current Reopening",-0.313294139958276,-0.509493132228756
DC,"2X Contact Tracing, 2X Testing, Current Reopening",-1.32159061724166,-6.61806530784279
DE,"2X Contact Tracing, 2X Testing, Current Reopening",-9.84164834014646,-17.4660952056062
FL,"2X Contact Tracing, 2X Testing, Current Reopening",6.08230624400761,-0.261177082628339
GA,"2X Contact Tracing, 2X Testing, Current Reopening",-1.45592207379522,-6.23607846604155
HI,"2X Contact Tracing, 2X Testing, Current Reopening",-6.13169308758782,-17.4178459053356
IA,"2X Contact Tracing, 2X Testing, Current Reopening",-13.6824942272413,-20.2435148478456
ID,"2X Contact Tracing, 2X Testing, Current Reopening",-2.66652955543869,-11.1703034232834
IL,"2X Contact Tracing, 2X Testing, Current Reopening",-13.1958934446165,-27.1178641684358
IN,"2X Contact Tracing, 2X Testing, Current Reopening",-1.4041780286874,-6.65204394580536
KS,"2X Contact Tracing, 2X Testing, Current Reopening",-5.11113470579067,-10.2748709715142
KY,"2X Contact Tracing, 2X Testing, Current Reopening",-6.7514990847693,-15.1842890142987
LA,"2X Contact Tracing, 2X Testing, Current Reopening",0.0691763502815412,-6.7766655714844
MA,"2X Contact Tracing, 2X Testing, Current Reopening",-3.57795149035652,-8.69386121834103
MD,"2X Contact Tracing, 2X Testing, Current Reopening",-0.194445214829619,-4.2565489406426
ME,"2X Contact Tracing, 2X Testing, Current Reopening",-1.66550514416661,-4.5110930979615
MI,"2X Contact Tracing, 2X Testing, Current Reopening",-2.93815799310828,-13.5378096977346
MN,"2X Contact Tracing, 2X Testing, Current Reopening",-20.2450493015281,-31.4821496414636
MO,"2X Contact Tracing, 2X Testing, Current Reopening",-2.74809828018824,-11.6167254054571
MS,"2X Contact Tracing, 2X Testing, Current Reopening",-1.23024038773356,-7.77854004583339
MT,"2X Contact Tracing, 2X Testing, Current Reopening",-12.476029729151,-22.6037699230975
NC,"2X Contact Tracing, 2X Testing, Current Reopening",-4.35893300998423,-10.588445155359
ND,"2X Contact Tracing, 2X Testing, Current Reopening",-4.89178276421445,-14.3406855684379
NE,"2X Contact Tracing, 2X Testing, Current Reopening",-5.24307390839125,-7.99856287716863
NH,"2X Contact Tracing, 2X Testing, Current Reopening",0.617144196527275,-0.674021459876073
NJ,"2X Contact Tracing, 2X Testing, Current Reopening",-0.693911274450587,-2.03648058295656
NM,"2X Contact Tracing, 2X Testing, Current Reopening",-5.32124728591293,-13.692792525738
NV,"2X Contact Tracing, 2X Testing, Current Reopening",5.74874191369665,1.8288151040353
NY,"2X Contact Tracing, 2X Testing, Current Reopening",-1.66155213441829,-5.62432669870686
OH,"2X Contact Tracing, 2X Testing, Current Reopening",-5.25839158293288,-15.900333001808
OK,"2X Contact Tracing, 2X Testing, Current Reopening",-3.26401423596451,-10.5456650346446
OR,"2X Contact Tracing, 2X Testing, Current Reopening",-0.445269280543836,-11.6731891326769
PA,"2X Contact Tracing, 2X Testing, Current Reopening",-10.8337719280069,-19.5886413668304
RI,"2X Contact Tracing, 2X Testing, Current Reopening",-0.699600712019666,-3.33900097003782
SC,"2X Contact Tracing, 2X Testing, Current Reopening",-0.479868873040512,-6.13729416335435
SD,"2X Contact Tracing, 2X Testing, Current Reopening",-1.6600462573685,-4.83131471363618
TN,"2X Contact Tracing, 2X Testing, Current Reopening",-3.33280467992403,-9.28167191133911
TX,"2X Contact Tracing, 2X Testing, Current Reopening",2.13380330304374,-3.93462214811318
UT,"2X Contact Tracing, 2X Testing, Current Reopening",-3.31212775861451,-8.69767381365797
VA,"2X Contact Tracing, 2X Testing, Current Reopening",-11.6844786585079,-18.0680158116353
VT,"2X Contact Tracing, 2X Testing, Current Reopening",-1.45047352112866,-5.34615118611245
WA,"2X Contact Tracing, 2X Testing, Current Reopening",-6.37992858684497,-18.4908997568022
WI,"2X Contact Tracing, 2X Testing, Current Reopening",-2.62247233034323,-9.10975502336282
WV,"2X Contact Tracing, 2X Testing, Current Reopening",-9.68956162484256,-23.3239225321749
WY,"2X Contact Tracing, 2X Testing, Current Reopening",-3.53999352374937,-12.9925282363162
AK,"1X Contact Tracing, 1X Testing, Current+25% Reopening",12.4994951063619,17.0936174725927
AL,"1X Contact Tracing, 1X Testing, Current+25% Reopening",12.8148540592885,16.9418717436801
AR,"1X Contact Tracing, 1X Testing, Current+25% Reopening",11.7118915217598,13.6361583891405
AZ,"1X Contact Tracing, 1X Testing, Current+25% Reopening",8.37127925177548,9.95941195550218
CA,"1X Contact Tracing, 1X Testing, Current+25% Reopening",32.3193395518162,40.7083047202417
CO,"1X Contact Tracing, 1X Testing, Current+25% Reopening",29.0993356036304,47.6372098860416
CT,"1X Contact Tracing, 1X Testing, Current+25% Reopening",0.368670586004161,0.843577530371964
DC,"1X Contact Tracing, 1X Testing, Current+25% Reopening",21.4529292583397,40.7059692390325
DE,"1X Contact Tracing, 1X Testing, Current+25% Reopening",10.5325693596175,17.0411285025277
FL,"1X Contact Tracing, 1X Testing, Current+25% Reopening",14.5277872993636,16.6857337624585
GA,"1X Contact Tracing, 1X Testing, Current+25% Reopening",17.4130113296098,21.4000042281104
HI,"1X Contact Tracing, 1X Testing, Current+25% Reopening",118.573161005561,149.056216452693
IA,"1X Contact Tracing, 1X Testing, Current+25% Reopening",13.1571259975929,18.2036679918791
ID,"1X Contact Tracing, 1X Testing, Current+25% Reopening",9.1226999209427,9.12535979562941
IL,"1X Contact Tracing, 1X Testing, Current+25% Reopening",27.152165286294,36.0315671074928
IN,"1X Contact Tracing, 1X Testing, Current+25% Reopening",34.3625846460561,52.1431560058836
KS,"1X Contact Tracing, 1X Testing, Current+25% Reopening",15.8538927079639,23.4536334990503
KY,"1X Contact Tracing, 1X Testing, Current+25% Reopening",33.9065833491132,45.5934384046317
LA,"1X Contact Tracing, 1X Testing, Current+25% Reopening",15.8727498888237,22.0558510180689
MA,"1X Contact Tracing, 1X Testing, Current+25% Reopening",19.4268180679636,40.0560210902928
MD,"1X Contact Tracing, 1X Testing, Current+25% Reopening",23.0154107847759,23.7876046730862
ME,"1X Contact Tracing, 1X Testing, Current+25% Reopening",4.83153986384595,11.3169113452821
MI,"1X Contact Tracing, 1X Testing, Current+25% Reopening",29.7890344110431,48.0543656932445
MN,"1X Contact Tracing, 1X Testing, Current+25% Reopening",17.4680011408884,28.8255632522276
MO,"1X Contact Tracing, 1X Testing, Current+25% Reopening",25.7916839997193,35.55524104167
MS,"1X Contact Tracing, 1X Testing, Current+25% Reopening",12.7157269119875,16.0730145505869
MT,"1X Contact Tracing, 1X Testing, Current+25% Reopening",17.7533389955705,17.6100908652278
NC,"1X Contact Tracing, 1X Testing, Current+25% Reopening",13.1657252018477,19.3717031173734
ND,"1X Contact Tracing, 1X Testing, Current+25% Reopening",16.1461144603846,20.0963876213022
NE,"1X Contact Tracing, 1X Testing, Current+25% Reopening",4.57030883103153,4.97725570434242
NH,"1X Contact Tracing, 1X Testing, Current+25% Reopening",1.39077186973118,3.23428290766208
NJ,"1X Contact Tracing, 1X Testing, Current+25% Reopening",4.68258576946012,7.77674025712984
NM,"1X Contact Tracing, 1X Testing, Current+25% Reopening",21.3959166552506,32.7993373404056
NV,"1X Contact Tracing, 1X Testing, Current+25% Reopening",13.8723291286508,19.915632815539
NY,"1X Contact Tracing, 1X Testing, Current+25% Reopening",5.71206847140424,21.77183086274
OH,"1X Contact Tracing, 1X Testing, Current+25% Reopening",30.8882153778943,41.8728633726198
OK,"1X Contact Tracing, 1X Testing, Current+25% Reopening",23.8597627150342,28.6490509349385
OR,"1X Contact Tracing, 1X Testing, Current+25% Reopening",34.5693075643159,46.5884912617793
PA,"1X Contact Tracing, 1X Testing, Current+25% Reopening",31.1498916291271,47.9813576536215
RI,"1X Contact Tracing, 1X Testing, Current+25% Reopening",2.8435626573537,4.4401028894048
SC,"1X Contact Tracing, 1X Testing, Current+25% Reopening",12.330467837277,15.0804419074943
SD,"1X Contact Tracing, 1X Testing, Current+25% Reopening",3.85002263800822,6.35464027814925
TN,"1X Contact Tracing, 1X Testing, Current+25% Reopening",20.9514814525502,25.5924727297541
TX,"1X Contact Tracing, 1X Testing, Current+25% Reopening",19.1018024486964,24.3029416618767
UT,"1X Contact Tracing, 1X Testing, Current+25% Reopening",12.5840393806449,16.4106040800931
VA,"1X Contact Tracing, 1X Testing, Current+25% Reopening",26.8053173644917,34.0051130016327
VT,"1X Contact Tracing, 1X Testing, Current+25% Reopening",24.5888196586884,54.3920811979263
WA,"1X Contact Tracing, 1X Testing, Current+25% Reopening",12.0299738353711,24.4513061106719
WI,"1X Contact Tracing, 1X Testing, Current+25% Reopening",16.6721610768273,22.6730906714683
WV,"1X Contact Tracing, 1X Testing, Current+25% Reopening",28.3270843156558,44.1252384693076
WY,"1X Contact Tracing, 1X Testing, Current+25% Reopening",8.30886898437939,13.4536924413554
AK,"1X Contact Tracing, 2X Testing, Current+25% Reopening",21.8953916094338,23.9038176856075
AL,"1X Contact Tracing, 2X Testing, Current+25% Reopening",19.4980579833201,21.534500493358
AR,"1X Contact Tracing, 2X Testing, Current+25% Reopening",17.1106245912261,17.4694546128323
AZ,"1X Contact Tracing, 2X Testing, Current+25% Reopening",18.5232138468106,22.6532884330961
CA,"1X Contact Tracing, 2X Testing, Current+25% Reopening",43.3076673840488,51.4864677738874
CO,"1X Contact Tracing, 2X Testing, Current+25% Reopening",33.1281021471125,47.3450156464423
CT,"1X Contact Tracing, 2X Testing, Current+25% Reopening",0.361843352930036,0.743467611411952
DC,"1X Contact Tracing, 2X Testing, Current+25% Reopening",26.9672259795109,43.7361874975522
DE,"1X Contact Tracing, 2X Testing, Current+25% Reopening",9.69347688928832,13.4503231706653
FL,"1X Contact Tracing, 2X Testing, Current+25% Reopening",29.8586168696006,32.5518949812088
GA,"1X Contact Tracing, 2X Testing, Current+25% Reopening",31.5301084073771,34.5704720300888
HI,"1X Contact Tracing, 2X Testing, Current+25% Reopening",146.475183271241,178.077097810907
IA,"1X Contact Tracing, 2X Testing, Current+25% Reopening",11.1631535756049,14.318137690134
ID,"1X Contact Tracing, 2X Testing, Current+25% Reopening",20.3551224470948,21.3087563044573
IL,"1X Contact Tracing, 2X Testing, Current+25% Reopening",31.2776021198428,39.3296067623629
IN,"1X Contact Tracing, 2X Testing, Current+25% Reopening",45.1968005827579,63.4606674689752
KS,"1X Contact Tracing, 2X Testing, Current+25% Reopening",16.7055602368404,18.3746677496736
KY,"1X Contact Tracing, 2X Testing, Current+25% Reopening",36.3737928422647,43.0005263311793
LA,"1X Contact Tracing, 2X Testing, Current+25% Reopening",25.8371519967689,32.9582948585699
MA,"1X Contact Tracing, 2X Testing, Current+25% Reopening",18.8047925189947,35.0863854627624
MD,"1X Contact Tracing, 2X Testing, Current+25% Reopening",32.0600407379674,33.8144491684175
ME,"1X Contact Tracing, 2X Testing, Current+25% Reopening",4.63073427908827,9.34972529946863
MI,"1X Contact Tracing, 2X Testing, Current+25% Reopening",35.4142170689104,59.0460872300936
MN,"1X Contact Tracing, 2X Testing, Current+25% Reopening",16.5316830199382,22.4060768398139
MO,"1X Contact Tracing, 2X Testing, Current+25% Reopening",39.800180840103,45.3017605689955
MS,"1X Contact Tracing, 2X Testing, Current+25% Reopening",21.2876103324863,23.5381763429174
MT,"1X Contact Tracing, 2X Testing, Current+25% Reopening",35.6957935031844,31.730455619978
NC,"1X Contact Tracing, 2X Testing, Current+25% Reopening",18.00611551564,23.2698410831515
ND,"1X Contact Tracing, 2X Testing, Current+25% Reopening",27.5760686782594,30.4333546260074
NE,"1X Contact Tracing, 2X Testing, Current+25% Reopening",3.61392529784541,2.77833598226736
NH,"1X Contact Tracing, 2X Testing, Current+25% Reopening",1.90044188270266,3.4777844944839
NJ,"1X Contact Tracing, 2X Testing, Current+25% Reopening",3.87526355377668,4.92200360785791
NM,"1X Contact Tracing, 2X Testing, Current+25% Reopening",28.0485365448566,35.5332286364812
NV,"1X Contact Tracing, 2X Testing, Current+25% Reopening",26.1209558723057,34.7780905394635
NY,"1X Contact Tracing, 2X Testing, Current+25% Reopening",5.64863324456695,20.6082867239892
OH,"1X Contact Tracing, 2X Testing, Current+25% Reopening",40.5831331003349,50.1155641098946
OK,"1X Contact Tracing, 2X Testing, Current+25% Reopening",35.7311658246177,39.4875841134537
OR,"1X Contact Tracing, 2X Testing, Current+25% Reopening",48.5017847746633,59.3811898673373
PA,"1X Contact Tracing, 2X Testing, Current+25% Reopening",31.3852822822947,41.6604370846587
RI,"1X Contact Tracing, 2X Testing, Current+25% Reopening",3.06371672756969,3.28504942833165
SC,"1X Contact Tracing, 2X Testing, Current+25% Reopening",24.4405307851924,28.7687158184155
SD,"1X Contact Tracing, 2X Testing, Current+25% Reopening",4.49392342331292,5.80751155771215
TN,"1X Contact Tracing, 2X Testing, Current+25% Reopening",31.1234831789587,33.0838338425122
TX,"1X Contact Tracing, 2X Testing, Current+25% Reopening",30.3369420855162,35.2662519847254
UT,"1X Contact Tracing, 2X Testing, Current+25% Reopening",19.8814624855707,23.7962619739743
VA,"1X Contact Tracing, 2X Testing, Current+25% Reopening",29.0376910121433,35.0889404485692
VT,"1X Contact Tracing, 2X Testing, Current+25% Reopening",25.1050215420187,49.0260285592901
WA,"1X Contact Tracing, 2X Testing, Current+25% Reopening",14.1847881649545,21.210292998977
WI,"1X Contact Tracing, 2X Testing, Current+25% Reopening",24.8910275318146,30.4304451941848
WV,"1X Contact Tracing, 2X Testing, Current+25% Reopening",35.8701183862708,44.3617882097231
WY,"1X Contact Tracing, 2X Testing, Current+25% Reopening",13.1069143341906,16.5987836663771
AK,"2X Contact Tracing, 1X Testing, Current+25% Reopening",-8.80158446069699,-11.7080472098196
AL,"2X Contact Tracing, 1X Testing, Current+25% Reopening",-0.617515692266668,-0.910145996258449
AR,"2X Contact Tracing, 1X Testing, Current+25% Reopening",0.48372222512223,-2.3053651199472
AZ,"2X Contact Tracing, 1X Testing, Current+25% Reopening",6.45091393606976,6.56609614645258
CA,"2X Contact Tracing, 1X Testing, Current+25% Reopening",21.6355259587852,21.3022701132372
CO,"2X Contact Tracing, 1X Testing, Current+25% Reopening",12.9669514853732,15.6063371501377
CT,"2X Contact Tracing, 1X Testing, Current+25% Reopening",-0.284847335482652,-0.125786526416627
DC,"2X Contact Tracing, 1X Testing, Current+25% Reopening",13.3336186970294,19.0731426205569
DE,"2X Contact Tracing, 1X Testing, Current+25% Reopening",-6.64070060420505,-13.3978827875783
FL,"2X Contact Tracing, 1X Testing, Current+25% Reopening",8.90922368440661,7.33122358568492
GA,"2X Contact Tracing, 1X Testing, Current+25% Reopening",5.70819227337724,3.87746551687689
HI,"2X Contact Tracing, 1X Testing, Current+25% Reopening",72.5898329527701,87.379650350827
IA,"2X Contact Tracing, 1X Testing, Current+25% Reopening",-8.81162515403762,-14.6265370484522
ID,"2X Contact Tracing, 1X Testing, Current+25% Reopening",-2.6030610299979,-7.8652776627257
IL,"2X Contact Tracing, 1X Testing, Current+25% Reopening",2.05007744594785,-3.61599925987963
IN,"2X Contact Tracing, 1X Testing, Current+25% Reopening",22.1989523777574,29.9785188348409
KS,"2X Contact Tracing, 1X Testing, Current+25% Reopening",3.57813315381295,2.02747761557254
KY,"2X Contact Tracing, 1X Testing, Current+25% Reopening",9.1364009341665,5.61090967572151
LA,"2X Contact Tracing, 1X Testing, Current+25% Reopening",7.25900527845631,5.80026005799277
MA,"2X Contact Tracing, 1X Testing, Current+25% Reopening",9.81438381898638,16.1959796629319
MD,"2X Contact Tracing, 1X Testing, Current+25% Reopening",15.6952109776804,15.2242217140912
ME,"2X Contact Tracing, 1X Testing, Current+25% Reopening",-0.136626544923357,-2.61971239004474
MI,"2X Contact Tracing, 1X Testing, Current+25% Reopening",18.9185974594414,23.3191294489526
MN,"2X Contact Tracing, 1X Testing, Current+25% Reopening",-15.4442132945732,-26.5192696896348
MO,"2X Contact Tracing, 1X Testing, Current+25% Reopening",12.5887291253258,8.83693208094791
MS,"2X Contact Tracing, 1X Testing, Current+25% Reopening",3.06778851539791,1.01929336628428
MT,"2X Contact Tracing, 1X Testing, Current+25% Reopening",-7.92131736037092,-13.6900285453207
NC,"2X Contact Tracing, 1X Testing, Current+25% Reopening",1.87675313257365,-1.95142127372627
ND,"2X Contact Tracing, 1X Testing, Current+25% Reopening",1.10879829709911,-2.5335498784369
NE,"2X Contact Tracing, 1X Testing, Current+25% Reopening",-3.48040362221286,-5.36759288015248
NH,"2X Contact Tracing, 1X Testing, Current+25% Reopening",1.05849418946886,1.0404072842678
NJ,"2X Contact Tracing, 1X Testing, Current+25% Reopening",1.9576053533082,2.40439049337076
NM,"2X Contact Tracing, 1X Testing, Current+25% Reopening",6.94994199036689,2.70088445714263
NV,"2X Contact Tracing, 1X Testing, Current+25% Reopening",11.9378628344323,11.3354251372957
NY,"2X Contact Tracing, 1X Testing, Current+25% Reopening",-0.115922241936151,-2.80729371638462
OH,"2X Contact Tracing, 1X Testing, Current+25% Reopening",11.9311562545507,8.09955425271898
OK,"2X Contact Tracing, 1X Testing, Current+25% Reopening",10.6535254130668,6.11853235159339
OR,"2X Contact Tracing, 1X Testing, Current+25% Reopening",18.5720380562311,17.3670900382871
PA,"2X Contact Tracing, 1X Testing, Current+25% Reopening",6.1694729818774,4.43554831491955
RI,"2X Contact Tracing, 1X Testing, Current+25% Reopening",0.897927541086019,-0.673849306259466
SC,"2X Contact Tracing, 1X Testing, Current+25% Reopening",1.72696995588415,-1.09231642808045
SD,"2X Contact Tracing, 1X Testing, Current+25% Reopening",-0.0646800234632261,-1.47250983838306
TN,"2X Contact Tracing, 1X Testing, Current+25% Reopening",5.9670767281246,4.13402496635618
TX,"2X Contact Tracing, 1X Testing, Current+25% Reopening",14.1994535245073,11.1483806347707
UT,"2X Contact Tracing, 1X Testing, Current+25% Reopening",0.49072348464827,-2.2315651195609
VA,"2X Contact Tracing, 1X Testing, Current+25% Reopening",3.00347182167671,0.9390306780098
VT,"2X Contact Tracing, 1X Testing, Current+25% Reopening",13.6612021857923,25.79722254764
WA,"2X Contact Tracing, 1X Testing, Current+25% Reopening",0.650367099967064,-3.82090301692641
WI,"2X Contact Tracing, 1X Testing, Current+25% Reopening",7.33831493187895,5.43766605417386
WV,"2X Contact Tracing, 1X Testing, Current+25% Reopening",7.27134539324732,1.78076770874556
WY,"2X Contact Tracing, 1X Testing, Current+25% Reopening",-2.09595020244974,-5.14126846220677
AK,"2X Contact Tracing, 2X Testing, Current+25% Reopening",-4.0266138141685,-9.54174926094613
AL,"2X Contact Tracing, 2X Testing, Current+25% Reopening",2.38690866732394,0.954872931510176
AR,"2X Contact Tracing, 2X Testing, Current+25% Reopening",3.82637995428896,-0.991995216748853
AZ,"2X Contact Tracing, 2X Testing, Current+25% Reopening",13.597790512658,13.5765192965407
CA,"2X Contact Tracing, 2X Testing, Current+25% Reopening",26.4297812818574,24.1760136099407
CO,"2X Contact Tracing, 2X Testing, Current+25% Reopening",14.0907422771034,14.2640442847516
CT,"2X Contact Tracing, 2X Testing, Current+25% Reopening",-0.287881661293388,-0.18579477755114
DC,"2X Contact Tracing, 2X Testing, Current+25% Reopening",13.3428930171504,18.4026825861294
DE,"2X Contact Tracing, 2X Testing, Current+25% Reopening",-7.24531496958509,-14.2890063908315
FL,"2X Contact Tracing, 2X Testing, Current+25% Reopening",18.8842854091218,15.289826651152
GA,"2X Contact Tracing, 2X Testing, Current+25% Reopening",12.5261241001699,8.63658814553157
HI,"2X Contact Tracing, 2X Testing, Current+25% Reopening",84.5803061257935,90.6883612929279
IA,"2X Contact Tracing, 2X Testing, Current+25% Reopening",-9.76906268735063,-16.0627807593486
ID,"2X Contact Tracing, 2X Testing, Current+25% Reopening",3.54971799408019,-3.49126730899054
IL,"2X Contact Tracing, 2X Testing, Current+25% Reopening",1.659647460925,-7.46267748281167
IN,"2X Contact Tracing, 2X Testing, Current+25% Reopening",26.0726626186722,33.188831519512
KS,"2X Contact Tracing, 2X Testing, Current+25% Reopening",2.83422302845744,-0.37641868123881
KY,"2X Contact Tracing, 2X Testing, Current+25% Reopening",10.4001767342044,4.40875464194861
LA,"2X Contact Tracing, 2X Testing, Current+25% Reopening",12.6773181059429,10.0680296633257
MA,"2X Contact Tracing, 2X Testing, Current+25% Reopening",8.71279327043499,9.970106392995
MD,"2X Contact Tracing, 2X Testing, Current+25% Reopening",19.2882873721546,17.9333164611241
ME,"2X Contact Tracing, 2X Testing, Current+25% Reopening",-0.461852844942667,-2.7750758053379
MI,"2X Contact Tracing, 2X Testing, Current+25% Reopening",20.7859555640135,25.4219745074715
MN,"2X Contact Tracing, 2X Testing, Current+25% Reopening",-16.481728864961,-27.4071879323404
MO,"2X Contact Tracing, 2X Testing, Current+25% Reopening",17.0726076064724,10.980831486118
MS,"2X Contact Tracing, 2X Testing, Current+25% Reopening",7.69954186590882,3.73415284010972
MT,"2X Contact Tracing, 2X Testing, Current+25% Reopening",-0.646204817392848,-8.68839776920609
NC,"2X Contact Tracing, 2X Testing, Current+25% Reopening",4.27915530215517,-1.64131093168359
ND,"2X Contact Tracing, 2X Testing, Current+25% Reopening",7.06590843719863,-0.247301188353866
NE,"2X Contact Tracing, 2X Testing, Current+25% Reopening",-3.98281345824825,-5.93574355882766
NH,"2X Contact Tracing, 2X Testing, Current+25% Reopening",1.33283968900408,1.11625358923984
NJ,"2X Contact Tracing, 2X Testing, Current+25% Reopening",1.61405983888632,0.993560304403474
NM,"2X Contact Tracing, 2X Testing, Current+25% Reopening",8.00241979577214,3.01224196325518
NV,"2X Contact Tracing, 2X Testing, Current+25% Reopening",18.9003798659343,18.172014443088
NY,"2X Contact Tracing, 2X Testing, Current+25% Reopening",-0.192881730332661,-2.92476118922399
OH,"2X Contact Tracing, 2X Testing, Current+25% Reopening",14.6848150575215,8.16800686136736
OK,"2X Contact Tracing, 2X Testing, Current+25% Reopening",14.2122331819251,8.20048030375595
OR,"2X Contact Tracing, 2X Testing, Current+25% Reopening",24.4632165763614,19.7632132917026
PA,"2X Contact Tracing, 2X Testing, Current+25% Reopening",4.36011454573333,-0.426103409342826
RI,"2X Contact Tracing, 2X Testing, Current+25% Reopening",0.839972452516347,-1.30900609270945
SC,"2X Contact Tracing, 2X Testing, Current+25% Reopening",9.49240614483251,4.16972993435143
SD,"2X Contact Tracing, 2X Testing, Current+25% Reopening",0.191363655625709,-1.91304015588584
TN,"2X Contact Tracing, 2X Testing, Current+25% Reopening",10.2251826813143,7.65546920707936
TX,"2X Contact Tracing, 2X Testing, Current+25% Reopening",19.6121687855228,15.1024658968683
UT,"2X Contact Tracing, 2X Testing, Current+25% Reopening",4.76281414061153,1.22487335063179
VA,"2X Contact Tracing, 2X Testing, Current+25% Reopening",1.09623431677404,-3.75440405602819
VT,"2X Contact Tracing, 2X Testing, Current+25% Reopening",12.2581143844225,21.7517230282389
WA,"2X Contact Tracing, 2X Testing, Current+25% Reopening",1.35510816101661,-5.85660699765047
WI,"2X Contact Tracing, 2X Testing, Current+25% Reopening",11.0579342174514,7.66128123662091
WV,"2X Contact Tracing, 2X Testing, Current+25% Reopening",10.0428637642907,-1.40482785912147
WY,"2X Contact Tracing, 2X Testing, Current+25% Reopening",1.65385243247438,-5.59096437880103
AK,"1X Contact Tracing, 1X Testing, Current+50% Reopening",14.8908106572253,19.7146258721881
AL,"1X Contact Tracing, 1X Testing, Current+50% Reopening",26.0356545140046,30.2099547283808
AR,"1X Contact Tracing, 1X Testing, Current+50% Reopening",19.8859373576648,24.975204012201
AZ,"1X Contact Tracing, 1X Testing, Current+50% Reopening",15.6872954477834,18.664990213034
CA,"1X Contact Tracing, 1X Testing, Current+50% Reopening",58.7741457927775,70.8061685586632
CO,"1X Contact Tracing, 1X Testing, Current+50% Reopening",63.4295031500528,95.5682509542011
CT,"1X Contact Tracing, 1X Testing, Current+50% Reopening",1.24331500094823,2.49697794985271
DC,"1X Contact Tracing, 1X Testing, Current+50% Reopening",51.791013897212,87.2491369808597
DE,"1X Contact Tracing, 1X Testing, Current+50% Reopening",17.4665137783661,28.967414380641
FL,"1X Contact Tracing, 1X Testing, Current+50% Reopening",22.9764974142685,26.2233859085057
GA,"1X Contact Tracing, 1X Testing, Current+50% Reopening",27.950342821525,33.0890958954657
HI,"1X Contact Tracing, 1X Testing, Current+50% Reopening",245.509390261223,262.252696404234
IA,"1X Contact Tracing, 1X Testing, Current+50% Reopening",21.7055726783353,31.5869936906317
ID,"1X Contact Tracing, 1X Testing, Current+50% Reopening",9.83618046544894,10.0956058991725
IL,"1X Contact Tracing, 1X Testing, Current+50% Reopening",48.4619618786723,58.5906306604601
IN,"1X Contact Tracing, 1X Testing, Current+50% Reopening",69.756018076995,96.2513641402573
KS,"1X Contact Tracing, 1X Testing, Current+50% Reopening",33.3982438028198,50.5583069692765
KY,"1X Contact Tracing, 1X Testing, Current+50% Reopening",74.2259673041722,103.529342963245
LA,"1X Contact Tracing, 1X Testing, Current+50% Reopening",28.971141431263,38.2671157733284
MA,"1X Contact Tracing, 1X Testing, Current+50% Reopening",51.5673269600067,103.393512851897
MD,"1X Contact Tracing, 1X Testing, Current+50% Reopening",34.9985978990056,38.0297753970035
ME,"1X Contact Tracing, 1X Testing, Current+50% Reopening",11.504585060852,23.8521120417905
MI,"1X Contact Tracing, 1X Testing, Current+50% Reopening",55.0430562824112,78.0450391584152
MN,"1X Contact Tracing, 1X Testing, Current+50% Reopening",35.311303013847,52.6392629036074
MO,"1X Contact Tracing, 1X Testing, Current+50% Reopening",49.4671929812071,61.2573157701692
MS,"1X Contact Tracing, 1X Testing, Current+50% Reopening",22.8763391725285,30.019301226004
MT,"1X Contact Tracing, 1X Testing, Current+50% Reopening",21.3761882878309,19.3259099326395
NC,"1X Contact Tracing, 1X Testing, Current+50% Reopening",28.0470975334811,36.373277191992
ND,"1X Contact Tracing, 1X Testing, Current+50% Reopening",24.8617443576556,31.6478720546874
NE,"1X Contact Tracing, 1X Testing, Current+50% Reopening",8.78222706788243,9.74411906197286
NH,"1X Contact Tracing, 1X Testing, Current+50% Reopening",2.97052250831693,8.14719661478012
NJ,"1X Contact Tracing, 1X Testing, Current+50% Reopening",11.6598918893639,23.5576837450481
NM,"1X Contact Tracing, 1X Testing, Current+50% Reopening",44.3518499435664,65.0354560725226
NV,"1X Contact Tracing, 1X Testing, Current+50% Reopening",23.0133167800799,29.5646110713153
NY,"1X Contact Tracing, 1X Testing, Current+50% Reopening",16.9487977897493,60.0199158050398
OH,"1X Contact Tracing, 1X Testing, Current+50% Reopening",57.4040701907674,73.2183195287239
OK,"1X Contact Tracing, 1X Testing, Current+50% Reopening",39.2950448982599,42.3931806514077
OR,"1X Contact Tracing, 1X Testing, Current+50% Reopening",60.7962512621414,76.2950509317472
PA,"1X Contact Tracing, 1X Testing, Current+50% Reopening",67.7150115416016,99.0848958843515
RI,"1X Contact Tracing, 1X Testing, Current+50% Reopening",6.2207637276412,11.9548986909939
SC,"1X Contact Tracing, 1X Testing, Current+50% Reopening",20.5813527698826,23.736788101571
SD,"1X Contact Tracing, 1X Testing, Current+50% Reopening",6.46911751914194,12.2821227983036
TN,"1X Contact Tracing, 1X Testing, Current+50% Reopening",38.1900011914428,42.9962088457283
TX,"1X Contact Tracing, 1X Testing, Current+50% Reopening",34.4027622324191,37.7415958615273
UT,"1X Contact Tracing, 1X Testing, Current+50% Reopening",24.556635253316,30.6063887208902
VA,"1X Contact Tracing, 1X Testing, Current+50% Reopening",55.590504486537,70.2318037294836
VT,"1X Contact Tracing, 1X Testing, Current+50% Reopening",66.3090893204014,162.184840738979
WA,"1X Contact Tracing, 1X Testing, Current+50% Reopening",18.9890078266698,34.6086539434387
WI,"1X Contact Tracing, 1X Testing, Current+50% Reopening",35.5808362685051,42.71471560054
WV,"1X Contact Tracing, 1X Testing, Current+50% Reopening",52.0015334247867,67.9568126915876
WY,"1X Contact Tracing, 1X Testing, Current+50% Reopening",13.820907584974,21.811642050391
AK,"1X Contact Tracing, 2X Testing, Current+50% Reopening",25.1742057152567,26.477472861524
AL,"1X Contact Tracing, 2X Testing, Current+50% Reopening",35.1731324536074,38.0672307637517
AR,"1X Contact Tracing, 2X Testing, Current+50% Reopening",28.4179130753413,30.6162328471711
AZ,"1X Contact Tracing, 2X Testing, Current+50% Reopening",28.2828609497691,32.881325366839
CA,"1X Contact Tracing, 2X Testing, Current+50% Reopening",76.2694898332811,89.9208441780484
CO,"1X Contact Tracing, 2X Testing, Current+50% Reopening",72.0115761392488,100.098216551126
CT,"1X Contact Tracing, 2X Testing, Current+50% Reopening",1.0612554523042,1.91737902423119
DC,"1X Contact Tracing, 2X Testing, Current+50% Reopening",61.3353594155751,101.740958114431
DE,"1X Contact Tracing, 2X Testing, Current+50% Reopening",16.3418375014107,24.4422992476892
FL,"1X Contact Tracing, 2X Testing, Current+50% Reopening",42.1422077825303,46.4095286010514
GA,"1X Contact Tracing, 2X Testing, Current+50% Reopening",45.8448931203481,49.8691207644423
HI,"1X Contact Tracing, 2X Testing, Current+50% Reopening",313.934732495002,337.537312177147
IA,"1X Contact Tracing, 2X Testing, Current+50% Reopening",22.0518932581189,29.3642939143909
ID,"1X Contact Tracing, 2X Testing, Current+50% Reopening",23.1382402123215,23.9694586712294
IL,"1X Contact Tracing, 2X Testing, Current+50% Reopening",57.5570603822374,69.039231248661
IN,"1X Contact Tracing, 2X Testing, Current+50% Reopening",91.7316438467769,118.613343340623
KS,"1X Contact Tracing, 2X Testing, Current+50% Reopening",34.3197164421532,45.7290227968761
KY,"1X Contact Tracing, 2X Testing, Current+50% Reopening",78.4187338256643,100.741980759671
LA,"1X Contact Tracing, 2X Testing, Current+50% Reopening",43.0536847148194,54.633317410858
MA,"1X Contact Tracing, 2X Testing, Current+50% Reopening",52.2099649327878,98.8807551078053
MD,"1X Contact Tracing, 2X Testing, Current+50% Reopening",48.5025253225603,49.7361414878415
ME,"1X Contact Tracing, 2X Testing, Current+50% Reopening",10.4269284226524,19.7716833288301
MI,"1X Contact Tracing, 2X Testing, Current+50% Reopening",65.3395227447276,93.1622165505969
MN,"1X Contact Tracing, 2X Testing, Current+50% Reopening",34.852933356323,46.8496345341894
MO,"1X Contact Tracing, 2X Testing, Current+50% Reopening",66.8555079440474,79.1470649209817
MS,"1X Contact Tracing, 2X Testing, Current+50% Reopening",34.3025689707018,41.5441205366617
MT,"1X Contact Tracing, 2X Testing, Current+50% Reopening",40.0423224154815,36.1245212122193
NC,"1X Contact Tracing, 2X Testing, Current+50% Reopening",34.8086653011163,43.5289459188734
ND,"1X Contact Tracing, 2X Testing, Current+50% Reopening",38.4587239980496,42.2292177238549
NE,"1X Contact Tracing, 2X Testing, Current+50% Reopening",7.38052572548311,7.05408088078579
NH,"1X Contact Tracing, 2X Testing, Current+50% Reopening",3.50869249065759,7.60399350158683
NJ,"1X Contact Tracing, 2X Testing, Current+50% Reopening",10.1378079340891,15.721406199511
NM,"1X Contact Tracing, 2X Testing, Current+50% Reopening",54.6505298455623,72.8952884314183
NV,"1X Contact Tracing, 2X Testing, Current+50% Reopening",37.6730966686578,46.5805282869964
NY,"1X Contact Tracing, 2X Testing, Current+50% Reopening",16.6132673005896,59.3322043735267
OH,"1X Contact Tracing, 2X Testing, Current+50% Reopening",72.6226882190185,91.2515552835347
OK,"1X Contact Tracing, 2X Testing, Current+50% Reopening",53.0104077821761,56.6041766442824
OR,"1X Contact Tracing, 2X Testing, Current+50% Reopening",84.360112063939,99.0675463754398
PA,"1X Contact Tracing, 2X Testing, Current+50% Reopening",71.7866896531718,100.492867343414
RI,"1X Contact Tracing, 2X Testing, Current+50% Reopening",5.82900238217994,10.2447983084284
SC,"1X Contact Tracing, 2X Testing, Current+50% Reopening",35.4771661232105,38.9595847902533
SD,"1X Contact Tracing, 2X Testing, Current+50% Reopening",7.27181891377706,10.7232644328125
TN,"1X Contact Tracing, 2X Testing, Current+50% Reopening",50.9814411091938,56.9129555901348
TX,"1X Contact Tracing, 2X Testing, Current+50% Reopening",47.4020583398875,54.1464969240312
UT,"1X Contact Tracing, 2X Testing, Current+50% Reopening",34.256011703704,40.7853236305936
VA,"1X Contact Tracing, 2X Testing, Current+50% Reopening",61.735705759054,70.4081808026124
VT,"1X Contact Tracing, 2X Testing, Current+50% Reopening",66.4478857903333,146.103196794314
WA,"1X Contact Tracing, 2X Testing, Current+50% Reopening",21.9449671900855,34.027452493995
WI,"1X Contact Tracing, 2X Testing, Current+50% Reopening",47.8764586695045,55.3369837085108
WV,"1X Contact Tracing, 2X Testing, Current+50% Reopening",62.1362958174102,78.8475509275939
WY,"1X Contact Tracing, 2X Testing, Current+50% Reopening",18.7241251040348,23.4498696785404
AK,"2X Contact Tracing, 1X Testing, Current+50% Reopening",-6.75457155074076,-8.24289664300001
AL,"2X Contact Tracing, 1X Testing, Current+50% Reopening",7.07125639883093,8.31114444390906
AR,"2X Contact Tracing, 1X Testing, Current+50% Reopening",6.44355669918435,4.28343877142692
AZ,"2X Contact Tracing, 1X Testing, Current+50% Reopening",12.9726530665045,13.2167246287152
CA,"2X Contact Tracing, 1X Testing, Current+50% Reopening",45.4255691861093,48.0965582336468
CO,"2X Contact Tracing, 1X Testing, Current+50% Reopening",35.627637938677,45.2388162723
CT,"2X Contact Tracing, 1X Testing, Current+50% Reopening",-0.121373032429362,0.252727057662727
DC,"2X Contact Tracing, 1X Testing, Current+50% Reopening",34.067074736752,53.6983470689054
DE,"2X Contact Tracing, 1X Testing, Current+50% Reopening",-4.24610026657998,-11.0148393582313
FL,"2X Contact Tracing, 1X Testing, Current+50% Reopening",16.8261325305394,15.7049538842651
GA,"2X Contact Tracing, 1X Testing, Current+50% Reopening",12.7485608829029,12.413636040413
HI,"2X Contact Tracing, 1X Testing, Current+50% Reopening",166.588587473097,175.644697211893
IA,"2X Contact Tracing, 1X Testing, Current+50% Reopening",-5.14887830062928,-10.3690801367061
ID,"2X Contact Tracing, 1X Testing, Current+50% Reopening",-1.2455943738984,-6.72040630364799
IL,"2X Contact Tracing, 1X Testing, Current+50% Reopening",16.2050845504935,14.4551107259023
IN,"2X Contact Tracing, 1X Testing, Current+50% Reopening",51.2314114145776,66.3545858836825
KS,"2X Contact Tracing, 1X Testing, Current+50% Reopening",12.0428499461213,13.8029664699766
KY,"2X Contact Tracing, 1X Testing, Current+50% Reopening",31.4497254307896,33.7455042545104
LA,"2X Contact Tracing, 1X Testing, Current+50% Reopening",16.0779157724227,16.795207198379
MA,"2X Contact Tracing, 1X Testing, Current+50% Reopening",30.1617162060616,56.549759909613
MD,"2X Contact Tracing, 1X Testing, Current+50% Reopening",29.4804830623118,30.5363041683566
ME,"2X Contact Tracing, 1X Testing, Current+50% Reopening",1.08868125853916,-1.24696028100514
MI,"2X Contact Tracing, 1X Testing, Current+50% Reopening",41.6293421598146,56.7438665467807
MN,"2X Contact Tracing, 1X Testing, Current+50% Reopening",-10.7755140846546,-22.1941329535707
MO,"2X Contact Tracing, 1X Testing, Current+50% Reopening",27.5929653403364,27.1442980847433
MS,"2X Contact Tracing, 1X Testing, Current+50% Reopening",10.5432750986138,11.3423615313878
MT,"2X Contact Tracing, 1X Testing, Current+50% Reopening",-5.67087885780006,-11.9981994075296
NC,"2X Contact Tracing, 1X Testing, Current+50% Reopening",11.1838422618725,7.43774760311364
ND,"2X Contact Tracing, 1X Testing, Current+50% Reopening",6.67495995241383,3.57758674677167
NE,"2X Contact Tracing, 1X Testing, Current+50% Reopening",-1.75493523738312,-3.43326208614212
NH,"2X Contact Tracing, 1X Testing, Current+50% Reopening",2.21354201348289,3.45757140698202
NJ,"2X Contact Tracing, 1X Testing, Current+50% Reopening",5.50725089540081,8.61128002625746
NM,"2X Contact Tracing, 1X Testing, Current+50% Reopening",22.2887921994319,21.0922110167157
NV,"2X Contact Tracing, 1X Testing, Current+50% Reopening",20.039587261803,21.262750083235
NY,"2X Contact Tracing, 1X Testing, Current+50% Reopening",1.97744024369431,1.36051582332575
OH,"2X Contact Tracing, 1X Testing, Current+50% Reopening",31.1148427260813,33.7785437311504
OK,"2X Contact Tracing, 1X Testing, Current+50% Reopening",22.2937782827868,17.9979533685005
OR,"2X Contact Tracing, 1X Testing, Current+50% Reopening",38.6505396987926,38.6764809765332
PA,"2X Contact Tracing, 1X Testing, Current+50% Reopening",25.2290707456662,31.302231822939
RI,"2X Contact Tracing, 1X Testing, Current+50% Reopening",2.64448316479944,1.8695026648792
SC,"2X Contact Tracing, 1X Testing, Current+50% Reopening",7.26185286578667,4.16524710359323
SD,"2X Contact Tracing, 1X Testing, Current+50% Reopening",1.81505527911661,1.57796202193099
TN,"2X Contact Tracing, 1X Testing, Current+50% Reopening",15.9307732305694,17.2119970064536
TX,"2X Contact Tracing, 1X Testing, Current+50% Reopening",25.6787429765627,25.2261306532663
UT,"2X Contact Tracing, 1X Testing, Current+50% Reopening",7.32231734702402,6.77354637740537
VA,"2X Contact Tracing, 1X Testing, Current+50% Reopening",20.0360768671402,20.7562086448397
VT,"2X Contact Tracing, 1X Testing, Current+50% Reopening",37.9848634551919,75.2270671045927
WA,"2X Contact Tracing, 1X Testing, Current+50% Reopening",5.57643593073758,2.4833152839868
WI,"2X Contact Tracing, 1X Testing, Current+50% Reopening",21.6183833324658,18.6597264471935
WV,"2X Contact Tracing, 1X Testing, Current+50% Reopening",22.7246073270456,19.87135946701
WY,"2X Contact Tracing, 1X Testing, Current+50% Reopening",1.71861493872985,0.0562988705473444
AK,"2X Contact Tracing, 2X Testing, Current+50% Reopening",-2.13420281821183,-7.32316857299491
AL,"2X Contact Tracing, 2X Testing, Current+50% Reopening",11.1942262282773,10.3694214408567
AR,"2X Contact Tracing, 2X Testing, Current+50% Reopening",10.3998231333041,6.57619180338844
AZ,"2X Contact Tracing, 2X Testing, Current+50% Reopening",20.3404136967517,21.8740881465628
CA,"2X Contact Tracing, 2X Testing, Current+50% Reopening",51.8630423501334,54.577812066388
CO,"2X Contact Tracing, 2X Testing, Current+50% Reopening",36.709227963541,43.6242453012929
CT,"2X Contact Tracing, 2X Testing, Current+50% Reopening",-0.11947657879765,0.242629515404502
DC,"2X Contact Tracing, 2X Testing, Current+50% Reopening",35.7353822446708,54.2548568721687
DE,"2X Contact Tracing, 2X Testing, Current+50% Reopening",-4.84445798427184,-12.1873990658717
FL,"2X Contact Tracing, 2X Testing, Current+50% Reopening",27.7130309940039,26.4320503338712
GA,"2X Contact Tracing, 2X Testing, Current+50% Reopening",21.662837168942,19.6141080512831
HI,"2X Contact Tracing, 2X Testing, Current+50% Reopening",192.046192000524,209.695276875705
IA,"2X Contact Tracing, 2X Testing, Current+50% Reopening",-6.68875999615301,-12.2488835603914
ID,"2X Contact Tracing, 2X Testing, Current+50% Reopening",5.79587500433929,-2.09188487682446
IL,"2X Contact Tracing, 2X Testing, Current+50% Reopening",16.2233259514331,10.1349015445144
IN,"2X Contact Tracing, 2X Testing, Current+50% Reopening",58.2422374834063,72.3119427514008
KS,"2X Contact Tracing, 2X Testing, Current+50% Reopening",12.2951875136956,9.51160387227681
KY,"2X Contact Tracing, 2X Testing, Current+50% Reopening",29.7347724547119,29.0878388256967
LA,"2X Contact Tracing, 2X Testing, Current+50% Reopening",24.0420042236244,24.0438116603318
MA,"2X Contact Tracing, 2X Testing, Current+50% Reopening",27.9864532019704,50.9314094718012
MD,"2X Contact Tracing, 2X Testing, Current+50% Reopening",33.9998705752928,34.1016819529619
ME,"2X Contact Tracing, 2X Testing, Current+50% Reopening",0.737862089874275,-1.48008045873488
MI,"2X Contact Tracing, 2X Testing, Current+50% Reopening",43.5622871823452,60.8724870945703
MN,"2X Contact Tracing, 2X Testing, Current+50% Reopening",-12.3615585051783,-23.4454859775344
MO,"2X Contact Tracing, 2X Testing, Current+50% Reopening",34.1496904460892,31.3990064905035
MS,"2X Contact Tracing, 2X Testing, Current+50% Reopening",15.7587514224562,15.0720231030847
MT,"2X Contact Tracing, 2X Testing, Current+50% Reopening",3.66694015432405,-6.54332069144907
NC,"2X Contact Tracing, 2X Testing, Current+50% Reopening",13.1637094385789,7.53360345473113
ND,"2X Contact Tracing, 2X Testing, Current+50% Reopening",14.5975353436702,7.99491202507248
NE,"2X Contact Tracing, 2X Testing, Current+50% Reopening",-2.66012011425774,-4.71601600321525
NH,"2X Contact Tracing, 2X Testing, Current+50% Reopening",2.21061211008979,3.18110548586974
NJ,"2X Contact Tracing, 2X Testing, Current+50% Reopening",4.10091625128124,5.53493235902511
NM,"2X Contact Tracing, 2X Testing, Current+50% Reopening",24.73707755106,22.9506852598185
NV,"2X Contact Tracing, 2X Testing, Current+50% Reopening",27.5045580008042,30.2556014048493
NY,"2X Contact Tracing, 2X Testing, Current+50% Reopening",1.87375423840697,1.06595271884529
OH,"2X Contact Tracing, 2X Testing, Current+50% Reopening",36.4246577836027,34.8554643301509
OK,"2X Contact Tracing, 2X Testing, Current+50% Reopening",26.8388593093404,21.5302877343376
OR,"2X Contact Tracing, 2X Testing, Current+50% Reopening",48.4898388725344,42.5147991692686
PA,"2X Contact Tracing, 2X Testing, Current+50% Reopening",24.141217815094,23.5756597771786
RI,"2X Contact Tracing, 2X Testing, Current+50% Reopening",2.05627664899162,1.30273899443045
SC,"2X Contact Tracing, 2X Testing, Current+50% Reopening",15.9654048021761,10.5495950509549
SD,"2X Contact Tracing, 2X Testing, Current+50% Reopening",2.42393963792569,0.686585412447949
TN,"2X Contact Tracing, 2X Testing, Current+50% Reopening",22.4411794178658,23.1770521622108
TX,"2X Contact Tracing, 2X Testing, Current+50% Reopening",32.8280018243384,30.075063881127
UT,"2X Contact Tracing, 2X Testing, Current+50% Reopening",12.1869250666262,10.086914957957
VA,"2X Contact Tracing, 2X Testing, Current+50% Reopening",18.2711985774332,15.4782160350606
VT,"2X Contact Tracing, 2X Testing, Current+50% Reopening",34.7891839574133,63.4788585881825
WA,"2X Contact Tracing, 2X Testing, Current+50% Reopening",6.19378485935094,1.27987978760478
WI,"2X Contact Tracing, 2X Testing, Current+50% Reopening",25.6801019454068,23.3136475278029
WV,"2X Contact Tracing, 2X Testing, Current+50% Reopening",23.2196310430361,18.4446780738177
WY,"2X Contact Tracing, 2X Testing, Current+50% Reopening",4.29519927851358,0.116420503909653
AK,"1X Contact Tracing, 1X Testing, Current-25% Reopening",-22.9544843608325,-26.346616634575
AL,"1X Contact Tracing, 1X Testing, Current-25% Reopening",-11.7282369576125,-14.5212751471171
AR,"1X Contact Tracing, 1X Testing, Current-25% Reopening",-8.75694851725729,-11.7172525578404
AZ,"1X Contact Tracing, 1X Testing, Current-25% Reopening",-8.32050502567817,-9.90618789221438
CA,"1X Contact Tracing, 1X Testing, Current-25% Reopening",-24.1349661899632,-31.8650931585745
CO,"1X Contact Tracing, 1X Testing, Current-25% Reopening",-17.3613954887068,-26.9132447747431
CT,"1X Contact Tracing, 1X Testing, Current-25% Reopening",-0.159681395789879,-0.431886307444207
DC,"1X Contact Tracing, 1X Testing, Current-25% Reopening",-11.0689010644066,-19.8730322137863
DE,"1X Contact Tracing, 1X Testing, Current-25% Reopening",-7.27332370082465,-12.8959793286905
FL,"1X Contact Tracing, 1X Testing, Current-25% Reopening",-14.0156087770806,-19.9818815024165
GA,"1X Contact Tracing, 1X Testing, Current-25% Reopening",-17.6440033732172,-21.7044281768964
HI,"1X Contact Tracing, 1X Testing, Current-25% Reopening",-51.8997935125804,-64.8739210176507
IA,"1X Contact Tracing, 1X Testing, Current-25% Reopening",-10.5530253390176,-14.4712063203018
ID,"1X Contact Tracing, 1X Testing, Current-25% Reopening",-14.1569526199925,-18.1413169638819
IL,"1X Contact Tracing, 1X Testing, Current-25% Reopening",-21.1686657535299,-31.6240772841478
IN,"1X Contact Tracing, 1X Testing, Current-25% Reopening",-22.1998150127239,-31.4985916465011
KS,"1X Contact Tracing, 1X Testing, Current-25% Reopening",-10.2001305739607,-14.6632617263427
KY,"1X Contact Tracing, 1X Testing, Current-25% Reopening",-17.6368112099981,-24.8570864645165
LA,"1X Contact Tracing, 1X Testing, Current-25% Reopening",-13.0831383720356,-20.9676058195964
MA,"1X Contact Tracing, 1X Testing, Current-25% Reopening",-9.4029180930116,-15.571038508615
MD,"1X Contact Tracing, 1X Testing, Current-25% Reopening",-20.7036389913501,-26.8278073164236
ME,"1X Contact Tracing, 1X Testing, Current-25% Reopening",-2.93845505695399,-5.69155483502957
MI,"1X Contact Tracing, 1X Testing, Current-25% Reopening",-21.2107413020872,-38.5623360642768
MN,"1X Contact Tracing, 1X Testing, Current-25% Reopening",-14.6105429049791,-20.9035930103917
MO,"1X Contact Tracing, 1X Testing, Current-25% Reopening",-20.2067964552085,-28.2615975887859
MS,"1X Contact Tracing, 1X Testing, Current-25% Reopening",-11.8687389814919,-15.8938129409162
MT,"1X Contact Tracing, 1X Testing, Current-25% Reopening",-26.5739174580565,-30.7486205790468
NC,"1X Contact Tracing, 1X Testing, Current-25% Reopening",-10.261320448988,-14.905878962875
ND,"1X Contact Tracing, 1X Testing, Current-25% Reopening",-15.6043218789871,-18.8985703291458
NE,"1X Contact Tracing, 1X Testing, Current-25% Reopening",-3.44154421040805,-4.23585865044424
NH,"1X Contact Tracing, 1X Testing, Current-25% Reopening",-0.711700169668039,-1.46431539972798
NJ,"1X Contact Tracing, 1X Testing, Current-25% Reopening",-2.54901807949677,-3.28574590808358
NM,"1X Contact Tracing, 1X Testing, Current-25% Reopening",-16.6664039967849,-24.5228199193119
NV,"1X Contact Tracing, 1X Testing, Current-25% Reopening",-15.6357971914126,-21.1349549858585
NY,"1X Contact Tracing, 1X Testing, Current-25% Reopening",-2.45529748545337,-6.88705234159779
OH,"1X Contact Tracing, 1X Testing, Current-25% Reopening",-21.7628695208971,-30.6234824660656
OK,"1X Contact Tracing, 1X Testing, Current-25% Reopening",-23.1490979260943,-30.0472379088525
OR,"1X Contact Tracing, 1X Testing, Current-25% Reopening",-24.6196510090021,-34.5725547816504
PA,"1X Contact Tracing, 1X Testing, Current-25% Reopening",-18.338713888463,-27.6023756618394
RI,"1X Contact Tracing, 1X Testing, Current-25% Reopening",-1.74542662848154,-3.57551580943661
SC,"1X Contact Tracing, 1X Testing, Current-25% Reopening",-12.3503461263492,-16.1017303726727
SD,"1X Contact Tracing, 1X Testing, Current-25% Reopening",-3.14077272554928,-5.00554006036755
TN,"1X Contact Tracing, 1X Testing, Current-25% Reopening",-17.2311028104636,-22.1851322764936
TX,"1X Contact Tracing, 1X Testing, Current-25% Reopening",-19.578714714658,-25.0601819971887
UT,"1X Contact Tracing, 1X Testing, Current-25% Reopening",-11.1746160574682,-15.2881557640908
VA,"1X Contact Tracing, 1X Testing, Current-25% Reopening",-19.1959353282422,-23.448912950073
VT,"1X Contact Tracing, 1X Testing, Current-25% Reopening",-9.7372613070393,-18.4427183972697
WA,"1X Contact Tracing, 1X Testing, Current-25% Reopening",-11.4738902751641,-20.9624111428796
WI,"1X Contact Tracing, 1X Testing, Current-25% Reopening",-14.4732402946546,-20.6766509139253
WV,"1X Contact Tracing, 1X Testing, Current-25% Reopening",-22.2118183238919,-31.786555942094
WY,"1X Contact Tracing, 1X Testing, Current-25% Reopening",-7.95615417758308,-11.159687228497
AK,"1X Contact Tracing, 2X Testing, Current-25% Reopening",-18.6465229193856,-24.2538132789194
AL,"1X Contact Tracing, 2X Testing, Current-25% Reopening",-7.59193440299216,-11.1939892026874
AR,"1X Contact Tracing, 2X Testing, Current-25% Reopening",-3.94746404068753,-8.89198914426206
AZ,"1X Contact Tracing, 2X Testing, Current-25% Reopening",-1.681370710063,-3.79305983261345
CA,"1X Contact Tracing, 2X Testing, Current-25% Reopening",-20.3377579217167,-28.5389095656745
CO,"1X Contact Tracing, 2X Testing, Current-25% Reopening",-13.720000725228,-24.4070857785162
CT,"1X Contact Tracing, 2X Testing, Current-25% Reopening",-0.166129338137688,-0.400151174632679
DC,"1X Contact Tracing, 2X Testing, Current-25% Reopening",-9.43234026767115,-17.5839567026421
DE,"1X Contact Tracing, 2X Testing, Current-25% Reopening",-7.17900619875907,-13.7451869163966
FL,"1X Contact Tracing, 2X Testing, Current-25% Reopening",-5.4429524533401,-13.1066373878704
GA,"1X Contact Tracing, 2X Testing, Current-25% Reopening",-10.9473729238215,-16.0736421519545
HI,"1X Contact Tracing, 2X Testing, Current-25% Reopening",-46.3314068457681,-61.4636805707459
IA,"1X Contact Tracing, 2X Testing, Current-25% Reopening",-10.0805984074467,-15.5121484087083
ID,"1X Contact Tracing, 2X Testing, Current-25% Reopening",-6.39807275759281,-11.1595440700253
IL,"1X Contact Tracing, 2X Testing, Current-25% Reopening",-19.5163788578963,-32.1394834738913
IN,"1X Contact Tracing, 2X Testing, Current-25% Reopening",-19.08685296387,-28.4025863667931
KS,"1X Contact Tracing, 2X Testing, Current-25% Reopening",-8.7631392871746,-13.2732622636321
KY,"1X Contact Tracing, 2X Testing, Current-25% Reopening",-15.0212712238844,-23.3935933799234
LA,"1X Contact Tracing, 2X Testing, Current-25% Reopening",-8.70032246491234,-16.928349680499
MA,"1X Contact Tracing, 2X Testing, Current-25% Reopening",-8.7756742089004,-15.0148291121363
MD,"1X Contact Tracing, 2X Testing, Current-25% Reopening",-17.0652639493641,-23.184625807186
ME,"1X Contact Tracing, 2X Testing, Current-25% Reopening",-2.5557432365923,-5.49956468221802
MI,"1X Contact Tracing, 2X Testing, Current-25% Reopening",-19.2366770201111,-36.4736390426247
MN,"1X Contact Tracing, 2X Testing, Current-25% Reopening",-14.6331028459366,-22.0782448083306
MO,"1X Contact Tracing, 2X Testing, Current-25% Reopening",-13.2426217136278,-24.1689524295533
MS,"1X Contact Tracing, 2X Testing, Current-25% Reopening",-5.92921032305234,-11.6457467126722
MT,"1X Contact Tracing, 2X Testing, Current-25% Reopening",-19.7951729829483,-26.723972947985
NC,"1X Contact Tracing, 2X Testing, Current-25% Reopening",-6.96097327252965,-11.6550130258105
ND,"1X Contact Tracing, 2X Testing, Current-25% Reopening",-9.034923813588,-15.8860048680898
NE,"1X Contact Tracing, 2X Testing, Current-25% Reopening",-3.22643618676828,-4.83202104532419
NH,"1X Contact Tracing, 2X Testing, Current-25% Reopening",-0.0203761463246965,-1.04324089466525
NJ,"1X Contact Tracing, 2X Testing, Current-25% Reopening",-2.15948462326913,-3.25216077103333
NM,"1X Contact Tracing, 2X Testing, Current-25% Reopening",-13.4719947433695,-21.8671359103896
NV,"1X Contact Tracing, 2X Testing, Current-25% Reopening",-10.1513607633236,-14.3641689451187
NY,"1X Contact Tracing, 2X Testing, Current-25% Reopening",-2.4024884641269,-6.82980930914814
OH,"1X Contact Tracing, 2X Testing, Current-25% Reopening",-16.844874035241,-27.6107623607291
OK,"1X Contact Tracing, 2X Testing, Current-25% Reopening",-19.0831772496593,-25.8995358901297
OR,"1X Contact Tracing, 2X Testing, Current-25% Reopening",-18.5023536271456,-30.3047427982086
PA,"1X Contact Tracing, 2X Testing, Current-25% Reopening",-16.6775106609587,-26.4941974665794
RI,"1X Contact Tracing, 2X Testing, Current-25% Reopening",-1.29909718014625,-3.49077374140318
SC,"1X Contact Tracing, 2X Testing, Current-25% Reopening",-4.60304451690528,-9.49234432124961
SD,"1X Contact Tracing, 2X Testing, Current-25% Reopening",-1.53046317587837,-4.35486952202652
TN,"1X Contact Tracing, 2X Testing, Current-25% Reopening",-11.7758730474344,-17.8613817968662
TX,"1X Contact Tracing, 2X Testing, Current-25% Reopening",-15.0785226635105,-20.2875077539453
UT,"1X Contact Tracing, 2X Testing, Current-25% Reopening",-6.35570461788192,-10.8612807356394
VA,"1X Contact Tracing, 2X Testing, Current-25% Reopening",-17.5192411382243,-23.1178568359543
VT,"1X Contact Tracing, 2X Testing, Current-25% Reopening",-8.17722931327675,-16.762668827127
WA,"1X Contact Tracing, 2X Testing, Current-25% Reopening",-8.51634058698129,-21.5784621956749
WI,"1X Contact Tracing, 2X Testing, Current-25% Reopening",-10.2218199414315,-17.9187945158337
WV,"1X Contact Tracing, 2X Testing, Current-25% Reopening",-17.1611338260418,-30.1129886775068
WY,"1X Contact Tracing, 2X Testing, Current-25% Reopening",-4.23578904550236,-9.63927019982623
AK,"2X Contact Tracing, 1X Testing, Current-25% Reopening",-31.0943447734107,-38.3706009676788
AL,"2X Contact Tracing, 1X Testing, Current-25% Reopening",-16.4974930968061,-21.3459560356223
AR,"2X Contact Tracing, 1X Testing, Current-25% Reopening",-12.9987809708631,-18.7918553938475
AZ,"2X Contact Tracing, 1X Testing, Current-25% Reopening",-7.1339404680284,-9.47688885938952
CA,"2X Contact Tracing, 1X Testing, Current-25% Reopening",-21.7919978083404,-31.0119284799878
CO,"2X Contact Tracing, 1X Testing, Current-25% Reopening",-18.291375351126,-29.8962996914363
CT,"2X Contact Tracing, 1X Testing, Current-25% Reopening",-0.334534420633414,-0.650570222636393
DC,"2X Contact Tracing, 1X Testing, Current-25% Reopening",-10.9304996718318,-19.9466988935078
DE,"2X Contact Tracing, 1X Testing, Current-25% Reopening",-11.7803320233356,-19.8556710010125
FL,"2X Contact Tracing, 1X Testing, Current-25% Reopening",-13.2212601280695,-21.3317177265281
GA,"2X Contact Tracing, 1X Testing, Current-25% Reopening",-19.1350631256035,-25.0820157324144
HI,"2X Contact Tracing, 1X Testing, Current-25% Reopening",-52.214441009057,-65.9672561457825
IA,"2X Contact Tracing, 1X Testing, Current-25% Reopening",-17.5668934423798,-24.0696650775428
ID,"2X Contact Tracing, 1X Testing, Current-25% Reopening",-17.9583832490252,-26.4295419467193
IL,"2X Contact Tracing, 1X Testing, Current-25% Reopening",-24.8841511028047,-40.4719241181855
IN,"2X Contact Tracing, 1X Testing, Current-25% Reopening",-21.6371853179529,-31.5729992969016
KS,"2X Contact Tracing, 1X Testing, Current-25% Reopening",-12.5832183092705,-18.3310524868601
KY,"2X Contact Tracing, 1X Testing, Current-25% Reopening",-19.8251593763807,-28.4883329921928
LA,"2X Contact Tracing, 1X Testing, Current-25% Reopening",-14.0672901131527,-24.2446314902863
MA,"2X Contact Tracing, 1X Testing, Current-25% Reopening",-9.96493278784336,-16.2583560869975
MD,"2X Contact Tracing, 1X Testing, Current-25% Reopening",-20.9751227223563,-28.68128212581
ME,"2X Contact Tracing, 1X Testing, Current-25% Reopening",-3.27588718663502,-6.61082590290912
MI,"2X Contact Tracing, 1X Testing, Current-25% Reopening",-19.8235609958337,-38.7112627681379
MN,"2X Contact Tracing, 1X Testing, Current-25% Reopening",-23.6138124849936,-34.532755724516
MO,"2X Contact Tracing, 1X Testing, Current-25% Reopening",-21.1513249232854,-32.5882676575183
MS,"2X Contact Tracing, 1X Testing, Current-25% Reopening",-14.2475575026091,-20.4651382131713
MT,"2X Contact Tracing, 1X Testing, Current-25% Reopening",-35.3843905115021,-42.2416837156897
NC,"2X Contact Tracing, 1X Testing, Current-25% Reopening",-13.9019439710846,-21.2513795205639
ND,"2X Contact Tracing, 1X Testing, Current-25% Reopening",-19.7741975449073,-29.600017813479
NE,"2X Contact Tracing, 1X Testing, Current-25% Reopening",-6.80039706583816,-9.12755683029163
NH,"2X Contact Tracing, 1X Testing, Current-25% Reopening",-0.518859255431636,-1.63055387637903
NJ,"2X Contact Tracing, 1X Testing, Current-25% Reopening",-2.85066779947697,-3.78392544099575
NM,"2X Contact Tracing, 1X Testing, Current-25% Reopening",-18.5229547209658,-28.2782413451653
NV,"2X Contact Tracing, 1X Testing, Current-25% Reopening",-13.2488492756,-20.2183054145886
NY,"2X Contact Tracing, 1X Testing, Current-25% Reopening",-2.58409997649355,-7.57476377311087
OH,"2X Contact Tracing, 1X Testing, Current-25% Reopening",-22.6102646716179,-34.6960100182406
OK,"2X Contact Tracing, 1X Testing, Current-25% Reopening",-22.8157258670082,-31.9303800739406
OR,"2X Contact Tracing, 1X Testing, Current-25% Reopening",-24.5027518238833,-37.9087608256453
PA,"2X Contact Tracing, 1X Testing, Current-25% Reopening",-20.901488182809,-32.0201374460604
RI,"2X Contact Tracing, 1X Testing, Current-25% Reopening",-2.01262216669238,-4.78452081221593
SC,"2X Contact Tracing, 1X Testing, Current-25% Reopening",-15.2731521037856,-21.447157387207
SD,"2X Contact Tracing, 1X Testing, Current-25% Reopening",-4.29408445426788,-7.76296183089442
TN,"2X Contact Tracing, 1X Testing, Current-25% Reopening",-19.7648518074029,-26.4648073715521
TX,"2X Contact Tracing, 1X Testing, Current-25% Reopening",-17.8194554007674,-25.0477756847659
UT,"2X Contact Tracing, 1X Testing, Current-25% Reopening",-13.6846717966993,-20.0514076126188
VA,"2X Contact Tracing, 1X Testing, Current-25% Reopening",-22.2514460227006,-29.0145656096932
VT,"2X Contact Tracing, 1X Testing, Current-25% Reopening",-9.38640533946323,-18.5691843650802
WA,"2X Contact Tracing, 1X Testing, Current-25% Reopening",-15.8191119172122,-30.2653816031567
WI,"2X Contact Tracing, 1X Testing, Current-25% Reopening",-15.6769016924711,-24.7918241428686
WV,"2X Contact Tracing, 1X Testing, Current-25% Reopening",-26.5172957760024,-41.3965589543379
WY,"2X Contact Tracing, 1X Testing, Current-25% Reopening",-13.0373347820153,-21.5353605560382
AK,"2X Contact Tracing, 2X Testing, Current-25% Reopening",-28.4155532311104,-37.0981884777806
AL,"2X Contact Tracing, 2X Testing, Current-25% Reopening",-14.6516123825931,-19.1969682051196
AR,"2X Contact Tracing, 2X Testing, Current-25% Reopening",-9.32715937552137,-16.5811587861878
AZ,"2X Contact Tracing, 2X Testing, Current-25% Reopening",-2.18749595746607,-4.78453020684748
CA,"2X Contact Tracing, 2X Testing, Current-25% Reopening",-19.6310003924967,-29.1080628159804
CO,"2X Contact Tracing, 2X Testing, Current-25% Reopening",-16.1635189062562,-28.4265981333399
CT,"2X Contact Tracing, 2X Testing, Current-25% Reopening",-0.334534420633414,-0.598928506515806
DC,"2X Contact Tracing, 2X Testing, Current-25% Reopening",-9.93208344034472,-18.618833679287
DE,"2X Contact Tracing, 2X Testing, Current-25% Reopening",-11.8531313352212,-20.278460248738
FL,"2X Contact Tracing, 2X Testing, Current-25% Reopening",-7.04108854081285,-16.6700778149516
GA,"2X Contact Tracing, 2X Testing, Current-25% Reopening",-14.5977194118869,-21.9353406607768
HI,"2X Contact Tracing, 2X Testing, Current-25% Reopening",-47.8725240628858,-63.4160286719052
IA,"2X Contact Tracing, 2X Testing, Current-25% Reopening",-17.3696893541252,-24.3897519421054
ID,"2X Contact Tracing, 2X Testing, Current-25% Reopening",-13.1879604988665,-23.0786223076623
IL,"2X Contact Tracing, 2X Testing, Current-25% Reopening",-24.4767598151538,-40.7246362697933
IN,"2X Contact Tracing, 2X Testing, Current-25% Reopening",-19.3054830036949,-29.7328657513447
KS,"2X Contact Tracing, 2X Testing, Current-25% Reopening",-11.2801895807401,-17.753624333524
KY,"2X Contact Tracing, 2X Testing, Current-25% Reopening",-17.9349870605315,-27.6689742390128
LA,"2X Contact Tracing, 2X Testing, Current-25% Reopening",-10.7827024750954,-21.8832983612414
MA,"2X Contact Tracing, 2X Testing, Current-25% Reopening",-9.51406863154379,-15.9956689577253
MD,"2X Contact Tracing, 2X Testing, Current-25% Reopening",-19.40846745739,-27.3329789432619
ME,"2X Contact Tracing, 2X Testing, Current-25% Reopening",-3.1231174476429,-6.40082260049836
MI,"2X Contact Tracing, 2X Testing, Current-25% Reopening",-18.827183568608,-37.8580989133935
MN,"2X Contact Tracing, 2X Testing, Current-25% Reopening",-23.8614078370012,-34.6687152186224
MO,"2X Contact Tracing, 2X Testing, Current-25% Reopening",-17.1894722174475,-30.7997910919036
MS,"2X Contact Tracing, 2X Testing, Current-25% Reopening",-10.1255299202245,-18.2809221023178
MT,"2X Contact Tracing, 2X Testing, Current-25% Reopening",-31.6136894607802,-40.8884090902965
NC,"2X Contact Tracing, 2X Testing, Current-25% Reopening",-12.2671599601189,-20.2261727640005
ND,"2X Contact Tracing, 2X Testing, Current-25% Reopening",-16.595676237273,-27.4404118253667
NE,"2X Contact Tracing, 2X Testing, Current-25% Reopening",-6.75140842346813,-9.25360955321314
NH,"2X Contact Tracing, 2X Testing, Current-25% Reopening",-0.050607422244342,-1.431917787517
NJ,"2X Contact Tracing, 2X Testing, Current-25% Reopening",-2.58623713409383,-3.71700959975168
NM,"2X Contact Tracing, 2X Testing, Current-25% Reopening",-16.3655055445571,-27.1801858053774
NV,"2X Contact Tracing, 2X Testing, Current-25% Reopening",-9.0340161550384,-15.9292104841304
NY,"2X Contact Tracing, 2X Testing, Current-25% Reopening",-2.56606762774791,-7.57098732305344
OH,"2X Contact Tracing, 2X Testing, Current-25% Reopening",-19.9034785932722,-33.0758978364949
OK,"2X Contact Tracing, 2X Testing, Current-25% Reopening",-20.8834288725989,-29.8727229501814
OR,"2X Contact Tracing, 2X Testing, Current-25% Reopening",-20.856691838389,-34.6624094036535
PA,"2X Contact Tracing, 2X Testing, Current-25% Reopening",-20.1050969535974,-31.3896178215882
RI,"2X Contact Tracing, 2X Testing, Current-25% Reopening",-1.8997226435047,-4.61585412375067
SC,"2X Contact Tracing, 2X Testing, Current-25% Reopening",-9.82894209140526,-16.4159269995916
SD,"2X Contact Tracing, 2X Testing, Current-25% Reopening",-3.50766458278039,-7.36789821571847
TN,"2X Contact Tracing, 2X Testing, Current-25% Reopening",-16.1600667839172,-24.0093386119386
TX,"2X Contact Tracing, 2X Testing, Current-25% Reopening",-14.3483742914611,-22.3512807525737
UT,"2X Contact Tracing, 2X Testing, Current-25% Reopening",-10.4857616870794,-17.2150470504842
VA,"2X Contact Tracing, 2X Testing, Current-25% Reopening",-21.4717174280663,-28.5468763427
VT,"2X Contact Tracing, 2X Testing, Current-25% Reopening",-8.35232122813032,-17.390199734365
WA,"2X Contact Tracing, 2X Testing, Current-25% Reopening",-13.843549907799,-29.6107336778323
WI,"2X Contact Tracing, 2X Testing, Current-25% Reopening",-13.1174704892339,-23.0151853149217
WV,"2X Contact Tracing, 2X Testing, Current-25% Reopening",-24.2874183030544,-40.1092086067486
WY,"2X Contact Tracing, 2X Testing, Current-25% Reopening",-9.21500884463152,-20.4010425716768
AK,"1X Contact Tracing, 1X Testing, Current-50% Reopening",-40.4671206298844,-47.9501431800154
AL,"1X Contact Tracing, 1X Testing, Current-50% Reopening",-18.1802233582328,-22.3380141240748
AR,"1X Contact Tracing, 1X Testing, Current-50% Reopening",-13.8305047967927,-18.5405478628739
AZ,"1X Contact Tracing, 1X Testing, Current-50% Reopening",-12.7530626237015,-15.3673524848123
CA,"1X Contact Tracing, 1X Testing, Current-50% Reopening",-32.5417192410325,-41.5515784535648
CO,"1X Contact Tracing, 1X Testing, Current-50% Reopening",-24.7479051226729,-35.2570136166335
CT,"1X Contact Tracing, 1X Testing, Current-50% Reopening",-0.274227195145083,-0.533150231233737
DC,"1X Contact Tracing, 1X Testing, Current-50% Reopening",-14.6223924892275,-23.6052286557789
DE,"1X Contact Tracing, 1X Testing, Current-50% Reopening",-11.7724965953896,-20.1318449216298
FL,"1X Contact Tracing, 1X Testing, Current-50% Reopening",-24.8612746339985,-34.1236868777882
GA,"1X Contact Tracing, 1X Testing, Current-50% Reopening",-29.728003813202,-36.6815483340284
HI,"1X Contact Tracing, 1X Testing, Current-50% Reopening",-67.3719504867204,-79.0244485201326
IA,"1X Contact Tracing, 1X Testing, Current-50% Reopening",-17.2803452959095,-23.3759550294921
ID,"1X Contact Tracing, 1X Testing, Current-50% Reopening",-27.5711466450433,-35.9307173822589
IL,"1X Contact Tracing, 1X Testing, Current-50% Reopening",-32.6367465021314,-48.1262051302028
IN,"1X Contact Tracing, 1X Testing, Current-50% Reopening",-28.6923412392231,-39.500541342616
KS,"1X Contact Tracing, 1X Testing, Current-50% Reopening",-15.1255701315454,-20.8797008877918
KY,"1X Contact Tracing, 1X Testing, Current-50% Reopening",-24.3581392413053,-33.0376619199392
LA,"1X Contact Tracing, 1X Testing, Current-50% Reopening",-22.5351628544482,-33.3609177245008
MA,"1X Contact Tracing, 1X Testing, Current-50% Reopening",-12.2949194289054,-19.600320120516
MD,"1X Contact Tracing, 1X Testing, Current-50% Reopening",-36.126749929895,-45.7430642510673
ME,"1X Contact Tracing, 1X Testing, Current-50% Reopening",-4.70160683841451,-8.33438410039328
MI,"1X Contact Tracing, 1X Testing, Current-50% Reopening",-29.7020382918856,-50.7428650146972
MN,"1X Contact Tracing, 1X Testing, Current-50% Reopening",-23.4906996643403,-32.9523759459221
MO,"1X Contact Tracing, 1X Testing, Current-50% Reopening",-31.6955336156121,-42.9118758671281
MS,"1X Contact Tracing, 1X Testing, Current-50% Reopening",-18.7702313075984,-25.4486496440108
MT,"1X Contact Tracing, 1X Testing, Current-50% Reopening",-48.5748365690693,-56.2395380995124
NC,"1X Contact Tracing, 1X Testing, Current-50% Reopening",-15.1990876345328,-20.0736659080529
ND,"1X Contact Tracing, 1X Testing, Current-50% Reopening",-28.0367155400574,-36.5041325879506
NE,"1X Contact Tracing, 1X Testing, Current-50% Reopening",-5.43626596044445,-7.31623400744138
NH,"1X Contact Tracing, 1X Testing, Current-50% Reopening",-0.890024744365925,-1.70337766359376
NJ,"1X Contact Tracing, 1X Testing, Current-50% Reopening",-3.14023594152516,-4.64365406291107
NM,"1X Contact Tracing, 1X Testing, Current-50% Reopening",-25.3120821275776,-34.6653800306522
NV,"1X Contact Tracing, 1X Testing, Current-50% Reopening",-28.3568553503316,-36.7553273179957
NY,"1X Contact Tracing, 1X Testing, Current-50% Reopening",-3.33823856153378,-8.85498034258364
OH,"1X Contact Tracing, 1X Testing, Current-50% Reopening",-31.8073303480414,-43.9224150080331
OK,"1X Contact Tracing, 1X Testing, Current-50% Reopening",-36.8775661714493,-46.3553420872196
OR,"1X Contact Tracing, 1X Testing, Current-50% Reopening",-38.1638864001593,-51.0501688306184
PA,"1X Contact Tracing, 1X Testing, Current-50% Reopening",-25.3468075142664,-35.7449978604608
RI,"1X Contact Tracing, 1X Testing, Current-50% Reopening",-2.51728303534131,-5.07743953612574
SC,"1X Contact Tracing, 1X Testing, Current-50% Reopening",-22.134997994734,-28.1709054321947
SD,"1X Contact Tracing, 1X Testing, Current-50% Reopening",-4.47786493472893,-7.98188973369503
TN,"1X Contact Tracing, 1X Testing, Current-50% Reopening",-27.5967337109655,-34.1875083200678
TX,"1X Contact Tracing, 1X Testing, Current-50% Reopening",-30.7870674940305,-38.5068035534411
UT,"1X Contact Tracing, 1X Testing, Current-50% Reopening",-17.3028623263158,-22.4040944001145
VA,"1X Contact Tracing, 1X Testing, Current-50% Reopening",-26.1892249625944,-31.5489387299132
VT,"1X Contact Tracing, 1X Testing, Current-50% Reopening",-12.8711041208773,-23.7586645419631
WA,"1X Contact Tracing, 1X Testing, Current-50% Reopening",-20.6963350587095,-35.5604603145458
WI,"1X Contact Tracing, 1X Testing, Current-50% Reopening",-22.5880021360725,-31.2270955345383
WV,"1X Contact Tracing, 1X Testing, Current-50% Reopening",-36.2839293609439,-48.9745967432328
WY,"1X Contact Tracing, 1X Testing, Current-50% Reopening",-14.9063485989087,-20.4774978279757
AK,"1X Contact Tracing, 2X Testing, Current-50% Reopening",-36.5264431949391,-45.3784299344076
AL,"1X Contact Tracing, 2X Testing, Current-50% Reopening",-14.7365207902798,-19.3783898722297
AR,"1X Contact Tracing, 2X Testing, Current-50% Reopening",-9.65264322568825,-15.3915741909968
AZ,"1X Contact Tracing, 2X Testing, Current-50% Reopening",-7.25618669391873,-10.2330462573465
CA,"1X Contact Tracing, 2X Testing, Current-50% Reopening",-29.9507140015963,-39.0261375293549
CO,"1X Contact Tracing, 2X Testing, Current-50% Reopening",-21.6580587522202,-32.6695531419748
CT,"1X Contact Tracing, 2X Testing, Current-50% Reopening",-0.249952588659208,-0.587676959428074
DC,"1X Contact Tracing, 2X Testing, Current-50% Reopening",-12.8310218873955,-22.1764680650281
DE,"1X Contact Tracing, 2X Testing, Current-50% Reopening",-11.3506698998527,-20.0120848772097
FL,"1X Contact Tracing, 2X Testing, Current-50% Reopening",-18.8370914618698,-28.9768756762839
GA,"1X Contact Tracing, 2X Testing, Current-50% Reopening",-24.5581818848462,-31.9442389113
HI,"1X Contact Tracing, 2X Testing, Current-50% Reopening",-63.928286591428,-76.2941562484225
IA,"1X Contact Tracing, 2X Testing, Current-50% Reopening",-16.537998639166,-22.9014799776052
ID,"1X Contact Tracing, 2X Testing, Current-50% Reopening",-20.8202963043503,-30.1142871833251
IL,"1X Contact Tracing, 2X Testing, Current-50% Reopening",-30.9703785250707,-47.1449369923846
IN,"1X Contact Tracing, 2X Testing, Current-50% Reopening",-26.1390855110873,-36.9713282520457
KS,"1X Contact Tracing, 2X Testing, Current-50% Reopening",-13.3126704182207,-19.5642898455451
KY,"1X Contact Tracing, 2X Testing, Current-50% Reopening",-21.7773149024806,-30.4930699728062
LA,"1X Contact Tracing, 2X Testing, Current-50% Reopening",-18.5164895365399,-30.0553790791784
MA,"1X Contact Tracing, 2X Testing, Current-50% Reopening",-11.7548217416715,-18.7232840598814
MD,"1X Contact Tracing, 2X Testing, Current-50% Reopening",-33.764749023922,-43.2945677748908
ME,"1X Contact Tracing, 2X Testing, Current-50% Reopening",-4.14643845702564,-7.99648743582815
MI,"1X Contact Tracing, 2X Testing, Current-50% Reopening",-28.6349765178444,-49.567833321233
MN,"1X Contact Tracing, 2X Testing, Current-50% Reopening",-23.2480191566127,-32.7937167120263
MO,"1X Contact Tracing, 2X Testing, Current-50% Reopening",-26.4503569506982,-39.2073452724576
MS,"1X Contact Tracing, 2X Testing, Current-50% Reopening",-14.1602938661918,-21.7316759055801
MT,"1X Contact Tracing, 2X Testing, Current-50% Reopening",-43.8371441151632,-52.4956265549653
NC,"1X Contact Tracing, 2X Testing, Current-50% Reopening",-11.6635163904813,-17.580041596343
ND,"1X Contact Tracing, 2X Testing, Current-50% Reopening",-23.9450150807871,-32.4781471755198
NE,"1X Contact Tracing, 2X Testing, Current-50% Reopening",-5.13036319737451,-7.1128445897806
NH,"1X Contact Tracing, 2X Testing, Current-50% Reopening",-0.171532525922991,-1.26860737494333
NJ,"1X Contact Tracing, 2X Testing, Current-50% Reopening",-2.78032183764698,-4.06736364307141
NM,"1X Contact Tracing, 2X Testing, Current-50% Reopening",-22.0090487753724,-32.2924616164101
NV,"1X Contact Tracing, 2X Testing, Current-50% Reopening",-24.209484545742,-32.0287023304669
NY,"1X Contact Tracing, 2X Testing, Current-50% Reopening",-3.30185185781493,-8.75063106468065
OH,"1X Contact Tracing, 2X Testing, Current-50% Reopening",-28.1633173146935,-40.9421092262037
OK,"1X Contact Tracing, 2X Testing, Current-50% Reopening",-34.3288213108762,-43.0976146751059
OR,"1X Contact Tracing, 2X Testing, Current-50% Reopening",-32.9027120042095,-47.2137438013026
PA,"1X Contact Tracing, 2X Testing, Current-50% Reopening",-23.6982855437814,-34.3818793918553
RI,"1X Contact Tracing, 2X Testing, Current-50% Reopening",-2.11385540581733,-4.76135979683702
SC,"1X Contact Tracing, 2X Testing, Current-50% Reopening",-16.4525972554012,-22.7707878824104
SD,"1X Contact Tracing, 2X Testing, Current-50% Reopening",-3.43919297173483,-6.98315057502005
TN,"1X Contact Tracing, 2X Testing, Current-50% Reopening",-23.0058128203975,-30.6740065978837
TX,"1X Contact Tracing, 2X Testing, Current-50% Reopening",-27.3610638276531,-34.8269091778257
UT,"1X Contact Tracing, 2X Testing, Current-50% Reopening",-12.5661359873551,-18.7475206638443
VA,"1X Contact Tracing, 2X Testing, Current-50% Reopening",-24.4202450868554,-30.7585717968549
VT,"1X Contact Tracing, 2X Testing, Current-50% Reopening",-11.4965821789365,-22.2464364402653
WA,"1X Contact Tracing, 2X Testing, Current-50% Reopening",-17.7571119702231,-34.8593462514193
WI,"1X Contact Tracing, 2X Testing, Current-50% Reopening",-19.1254634101201,-27.5402575747334
WV,"1X Contact Tracing, 2X Testing, Current-50% Reopening",-31.9414520250424,-46.2701333065578
WY,"1X Contact Tracing, 2X Testing, Current-50% Reopening",-10.6729680763662,-19.2517810599479
AK,"2X Contact Tracing, 1X Testing, Current-50% Reopening",-43.3477303464058,-52.0836165315033
AL,"2X Contact Tracing, 1X Testing, Current-50% Reopening",-21.8288288604379,-26.6012138073202
AR,"2X Contact Tracing, 1X Testing, Current-50% Reopening",-17.0960904067218,-23.2085774654686
AZ,"2X Contact Tracing, 1X Testing, Current-50% Reopening",-11.036117615099,-14.0802067848783
CA,"2X Contact Tracing, 1X Testing, Current-50% Reopening",-29.7412419228652,-39.11925371405
CO,"2X Contact Tracing, 1X Testing, Current-50% Reopening",-24.2213020718389,-35.7011706867247
CT,"2X Contact Tracing, 1X Testing, Current-50% Reopening",-0.357671154940264,-0.712597982222563
DC,"2X Contact Tracing, 1X Testing, Current-50% Reopening",-13.6550095596838,-23.5265265321271
DE,"2X Contact Tracing, 1X Testing, Current-50% Reopening",-13.3381203510038,-22.5183359886192
FL,"2X Contact Tracing, 1X Testing, Current-50% Reopening",-23.1414278404547,-32.8093211597469
GA,"2X Contact Tracing, 1X Testing, Current-50% Reopening",-29.0573324696594,-36.3476237058619
HI,"2X Contact Tracing, 1X Testing, Current-50% Reopening",-66.6923337448515,-78.5818175699551
IA,"2X Contact Tracing, 1X Testing, Current-50% Reopening",-20.1802520868669,-27.3191688297979
ID,"2X Contact Tracing, 1X Testing, Current-50% Reopening",-28.1565766557655,-37.6961082562326
IL,"2X Contact Tracing, 1X Testing, Current-50% Reopening",-32.5448994482776,-48.8910367528193
IN,"2X Contact Tracing, 1X Testing, Current-50% Reopening",-27.2184814749141,-38.0721301292752
KS,"2X Contact Tracing, 1X Testing, Current-50% Reopening",-16.2291234149835,-22.4741864015196
KY,"2X Contact Tracing, 1X Testing, Current-50% Reopening",-24.5326011487723,-33.3731980467265
LA,"2X Contact Tracing, 1X Testing, Current-50% Reopening",-21.7832460035619,-33.4536668258914
MA,"2X Contact Tracing, 1X Testing, Current-50% Reopening",-12.3810219587543,-19.5327652763393
MD,"2X Contact Tracing, 1X Testing, Current-50% Reopening",-33.6901757402631,-44.1774853261512
ME,"2X Contact Tracing, 1X Testing, Current-50% Reopening",-4.38425526720924,-8.19418175267945
MI,"2X Contact Tracing, 1X Testing, Current-50% Reopening",-27.8632257889121,-49.0009810546617
MN,"2X Contact Tracing, 1X Testing, Current-50% Reopening",-26.5568373541057,-37.4744030565797
MO,"2X Contact Tracing, 1X Testing, Current-50% Reopening",-31.0775954572315,-43.7475082526672
MS,"2X Contact Tracing, 1X Testing, Current-50% Reopening",-19.5856746127676,-27.6838416513496
MT,"2X Contact Tracing, 1X Testing, Current-50% Reopening",-49.9187958202103,-57.9234155190585
NC,"2X Contact Tracing, 1X Testing, Current-50% Reopening",-17.1287157882332,-24.8682227070555
ND,"2X Contact Tracing, 1X Testing, Current-50% Reopening",-29.5662399029729,-40.836704673394
NE,"2X Contact Tracing, 1X Testing, Current-50% Reopening",-7.8013492135113,-10.4164002508876
NH,"2X Contact Tracing, 1X Testing, Current-50% Reopening",-0.711966524521945,-1.77280111833156
NJ,"2X Contact Tracing, 1X Testing, Current-50% Reopening",-3.23766802162212,-4.6986115599024
NM,"2X Contact Tracing, 1X Testing, Current-50% Reopening",-24.8382458662833,-35.3009193560933
NV,"2X Contact Tracing, 1X Testing, Current-50% Reopening",-25.367041066904,-33.9071781609389
NY,"2X Contact Tracing, 1X Testing, Current-50% Reopening",-3.24421274307446,-8.5518705353416
OH,"2X Contact Tracing, 1X Testing, Current-50% Reopening",-30.4543923838649,-43.1305793909329
OK,"2X Contact Tracing, 1X Testing, Current-50% Reopening",-34.5919911365253,-44.6374120103503
OR,"2X Contact Tracing, 1X Testing, Current-50% Reopening",-36.4270375584852,-50.0959579548184
PA,"2X Contact Tracing, 1X Testing, Current-50% Reopening",-25.6882068453923,-37.0305258110916
RI,"2X Contact Tracing, 1X Testing, Current-50% Reopening",-2.58351742227808,-5.68207827878232
SC,"2X Contact Tracing, 1X Testing, Current-50% Reopening",-22.477462553837,-30.3948875805664
SD,"2X Contact Tracing, 1X Testing, Current-50% Reopening",-5.60998837989923,-9.89263745080808
TN,"2X Contact Tracing, 1X Testing, Current-50% Reopening",-27.8640587483854,-35.4795659133952
TX,"2X Contact Tracing, 1X Testing, Current-50% Reopening",-28.2767731395082,-36.3519750507919
UT,"2X Contact Tracing, 1X Testing, Current-50% Reopening",-18.2263364030548,-24.9357811290816
VA,"2X Contact Tracing, 1X Testing, Current-50% Reopening",-27.245725164683,-33.4424679900318
VT,"2X Contact Tracing, 1X Testing, Current-50% Reopening",-12.7531439248819,-23.4039670228697
WA,"2X Contact Tracing, 1X Testing, Current-50% Reopening",-22.8066202948159,-40.0978411982268
WI,"2X Contact Tracing, 1X Testing, Current-50% Reopening",-21.8716081656574,-31.7238497323673
WV,"2X Contact Tracing, 1X Testing, Current-50% Reopening",-37.3720198062916,-51.9546804954255
WY,"2X Contact Tracing, 1X Testing, Current-50% Reopening",-17.4146914548281,-27.9781059947871
AK,"2X Contact Tracing, 2X Testing, Current-50% Reopening",-39.8865974068663,-49.6700959164193
AL,"2X Contact Tracing, 2X Testing, Current-50% Reopening",-19.8229554441376,-24.1814551861248
AR,"2X Contact Tracing, 2X Testing, Current-50% Reopening",-13.6825017630375,-21.0849198353889
AZ,"2X Contact Tracing, 2X Testing, Current-50% Reopening",-6.73647853252783,-9.98345670879924
CA,"2X Contact Tracing, 2X Testing, Current-50% Reopening",-27.636511151912,-37.3118954159708
CO,"2X Contact Tracing, 2X Testing, Current-50% Reopening",-22.2753153022482,-34.2625710364847
CT,"2X Contact Tracing, 2X Testing, Current-50% Reopening",-0.351602503318793,-0.656340246783949
DC,"2X Contact Tracing, 2X Testing, Current-50% Reopening",-12.602374225951,-22.4925820450989
DE,"2X Contact Tracing, 2X Testing, Current-50% Reopening",-13.3396406579187,-22.2367184296192
FL,"2X Contact Tracing, 2X Testing, Current-50% Reopening",-18.1371307073628,-28.3331063764554
GA,"2X Contact Tracing, 2X Testing, Current-50% Reopening",-25.2160203370773,-32.8085031143877
HI,"2X Contact Tracing, 2X Testing, Current-50% Reopening",-63.3995695447444,-76.1430230014639
IA,"2X Contact Tracing, 2X Testing, Current-50% Reopening",-20.1356699411174,-27.30050652144
ID,"2X Contact Tracing, 2X Testing, Current-50% Reopening",-22.7850696352558,-34.8428801170008
IL,"2X Contact Tracing, 2X Testing, Current-50% Reopening",-31.7541187163174,-48.3204867265255
IN,"2X Contact Tracing, 2X Testing, Current-50% Reopening",-25.1114476452462,-36.3102863724006
KS,"2X Contact Tracing, 2X Testing, Current-50% Reopening",-14.3970216486205,-21.5355100931407
KY,"2X Contact Tracing, 2X Testing, Current-50% Reopening",-22.8834185444676,-32.202184274394
LA,"2X Contact Tracing, 2X Testing, Current-50% Reopening",-18.707906083437,-30.6993790234634
MA,"2X Contact Tracing, 2X Testing, Current-50% Reopening",-11.9004132921433,-18.9852650409566
MD,"2X Contact Tracing, 2X Testing, Current-50% Reopening",-32.5826700317091,-42.8675314226477
ME,"2X Contact Tracing, 2X Testing, Current-50% Reopening",-4.13659504600812,-7.95865982166981
MI,"2X Contact Tracing, 2X Testing, Current-50% Reopening",-27.1604602638429,-48.3382572224797
MN,"2X Contact Tracing, 2X Testing, Current-50% Reopening",-26.5810087194172,-37.5570778983386
MO,"2X Contact Tracing, 2X Testing, Current-50% Reopening",-27.0008614823803,-41.0006059929513
MS,"2X Contact Tracing, 2X Testing, Current-50% Reopening",-15.9111679766039,-24.8207703199018
MT,"2X Contact Tracing, 2X Testing, Current-50% Reopening",-46.172395872181,-55.6517848238088
NC,"2X Contact Tracing, 2X Testing, Current-50% Reopening",-15.6725594146223,-24.0680517739213
ND,"2X Contact Tracing, 2X Testing, Current-50% Reopening",-26.4324936441891,-38.4729395162806
NE,"2X Contact Tracing, 2X Testing, Current-50% Reopening",-7.76175313039267,-10.3740782014042
NH,"2X Contact Tracing, 2X Testing, Current-50% Reopening",-0.286464645388451,-1.56122487532114
NJ,"2X Contact Tracing, 2X Testing, Current-50% Reopening",-3.01454855820007,-4.38922120646972
NM,"2X Contact Tracing, 2X Testing, Current-50% Reopening",-22.7531117288568,-33.6078997769411
NV,"2X Contact Tracing, 2X Testing, Current-50% Reopening",-21.7124809188617,-29.8897038628871
NY,"2X Contact Tracing, 2X Testing, Current-50% Reopening",-3.19397977156878,-8.51649116111926
OH,"2X Contact Tracing, 2X Testing, Current-50% Reopening",-28.1468435998253,-41.3540328653054
OK,"2X Contact Tracing, 2X Testing, Current-50% Reopening",-32.6573564289945,-42.604390265752
OR,"2X Contact Tracing, 2X Testing, Current-50% Reopening",-32.6947964219179,-47.5358641443325
PA,"2X Contact Tracing, 2X Testing, Current-50% Reopening",-24.4796333210389,-36.0298401274444
RI,"2X Contact Tracing, 2X Testing, Current-50% Reopening",-2.41078115180093,-5.43275676029166
SC,"2X Contact Tracing, 2X Testing, Current-50% Reopening",-18.1711974053602,-25.8139326379965
SD,"2X Contact Tracing, 2X Testing, Current-50% Reopening",-4.53473874846384,-9.30271653994573
TN,"2X Contact Tracing, 2X Testing, Current-50% Reopening",-24.6268851030993,-32.6605311643173
TX,"2X Contact Tracing, 2X Testing, Current-50% Reopening",-25.3804884294346,-33.5877575874844
UT,"2X Contact Tracing, 2X Testing, Current-50% Reopening",-15.6630820094769,-22.3132125043084
VA,"2X Contact Tracing, 2X Testing, Current-50% Reopening",-26.240409338286,-32.8808971384377
VT,"2X Contact Tracing, 2X Testing, Current-50% Reopening",-11.4744016292622,-22.1325323822039
WA,"2X Contact Tracing, 2X Testing, Current-50% Reopening",-20.8721795400932,-39.5267573755626
WI,"2X Contact Tracing, 2X Testing, Current-50% Reopening",-18.8383081843577,-29.9078802627779
WV,"2X Contact Tracing, 2X Testing, Current-50% Reopening",-34.5896819746451,-49.9306002634237
WY,"2X Contact Tracing, 2X Testing, Current-50% Reopening",-14.6456928919135,-26.6540399652476
